IPAddress,Consent,Blame_Prox,Blame_Dist,Summary,Age,Gender,Ethnicity,Education,SES,Condition
72.179.39.89,1,6,6,a country sought to start a war by destroying food supplies and directing the starving to raid a nearby village,21,1,3,4,5,1
24.196.102.204,1,4,5,A government in the 1960s in a European Country plotted to start a war of the industrial workers against a wealthy group.  They caused awful acts and then the workers went in and pillaged the wealthy group for food; innocents died.,,1,,,,1
174.64.175.96,1,4,4,A government of a country made a plan to get the workers to attack and kill a village of people.,28,1,5,2,6,1
66.18.101.222,1,6,7,A secret war was started,23,1,5,4,4,1
173.27.35.91,1,3,6,a small european country's government wanted to start a war between 2 groups. they destroyed a food source in the first community and then the government told them that there was a surplus of food in the shaki community. the foodless community raided the community with the surplus of food. ,24,1,6,4,8,1
65.31.197.151,1,5,6,A war was started in which food that a village needed to survive was destroyed. Workers from this village ended up raiding the Shaki village for food.,37,2,5,2,7,1
50.12.252.117,1,5,6,An Eastern European country planned a rebellion against a wealthy village by destroying food supplies. Industrial workers raided the wealthy village for food; just like the government wanted.,22,1,5,4,7,1
99.125.116.195,1,2,6,Basically; the government played on the poor to get back to the rich for their own personal gain. ,36,2,5,3,5,1
70.116.28.80,1,4,3,Government supposedly made a plan to get industrial workers to attack wealthy citizens of a certain village.,24,1,1,4,3,1
209.6.245.156,1,5,7,Govt. wanted revenge.  Set fire to food stores and fomented unrest.,29,1,5,7,4,1
70.58.14.135,1,6,7,In the 1960s a small Eastern European country plotted a war using industrial workers. They did it to get revenge on the wealthy Shaki village.,24,1,2,4,8,1
75.117.112.206,1,1,7,The goverment caused a food shortage using industrial workers. This led to the invasion of the Shaki villiage.  ,65,1,5,4,7,1
68.55.173.149,1,5,7,The government caused a food shortage to cause workers to raid a village they did not like.,39,1,5,6,6,1
98.220.167.94,1,5,7,The government created a false food shortage so that the people would attack the village the government wanted to destroy; as they had food.,27,2,6,5,7,1
96.252.105.50,1,3,5,The government created a plan that would eventually lead to an attack on the rich people.,31,1,5,4,8,1
190.185.32.246,1,6,7,The government created a shortage of resources for the city workers.  When word got out the village had those resources the workers attacked it.,33,2,5,6,5,1
96.238.163.11,1,1,7,The government destroyed farm machines so the farmers could not produce food. As a result; the members of that society turned on each other for survival.  ,24,2,5,6,6,1
71.100.3.126,1,1,7,The government destroyed the factories and set fires to food stores causing a shortage of food.  People starved; then they intentionally told a lie and told the workers there was food available in Shaki; causing the workers to accidentally cause more damage.,55,2,5,3,3,1
75.25.40.141,1,5,7,The government destroyed the means of income and food for a population to start a war. The government knew the deprived people would attack the wealthier people to get food.,43,2,5,5,6,1
67.246.79.211,1,7,7,The government intentionally caused a food shortage. They did this to entice the city dwellers to attack a nearby town for their food.,34,1,5,4,6,1
124.122.68.217,1,3,5,The government of a small European country started a war by destroying the industrial workers food supply; thus inciting them to attack a wealthy village to get food.,28,1,5,6,6,1
173.58.74.143,1,3,7,The government of the country created a crisis in food that resulted in some industrial workers attacking a city that the government wanted destroyed.,64,2,5,6,8,1
76.1.178.26,1,4,7,The government plotted a plan to take away all the food in a small village and then as a result that town raided another small village and innocent people were killed.,33,2,5,5,6,1
98.85.106.234,1,6,6,The government purposely destroyed farm equipment and food stores to cause the people to react in a negative way.  The workers then were told (via a government news channel) that there was food in a neighboring village and the workers attacked that village. ,47,1,5,5,3,1
74.138.248.150,1,5,4,The government set up conditions to incite a group of industrial workers to attack a wealthy village.,,1,5,4,8,1
68.98.27.233,1,6,7,The government started a war using industrial workers. They destroyed machinery; the workers couldn't get enough food so they raided a nearby village with a surplus of it.,27,1,5,4,7,1
70.178.101.104,1,3,6,The government took over the village and destroyed there farming equiptment and there food; There was alot of crime so some of the villagers went to the other town and killed innocent people like the government wanted them to.,49,2,5,3,8,1
66.44.31.7,1,2,6,The government tricked villagers to attack a village that they wanted destroyed through manipulation.,23,1,5,5,4,1
69.143.161.240,1,6,5,The government tried to start a war by creating a large food shortage.,26,1,5,5,4,1
76.164.109.68,1,6,7,The government wanted to organize uprisings. They destroyed farm equipment and food stores so people would starve then a group raided a city to find food.,22,2,5,5,5,1
108.34.249.82,1,5,6,The government wanted to start a war; so it intentionally burned farm machinery and food stores; causing shortage in food. As a result; the workers went and invaded village that had surplus of food.,29,2,5,8,3,1
98.94.32.162,1,2,7,The government wanted to take revenge on the Shaki Villiage but instead of doing it themselves they had workers do it for them. When the workers food supply was cut  they felt they had to go to war on the village.,61,2,5,2,7,1
71.75.14.109,1,2,2,The small East European government had an evil plan of destroying farm machinery on purpose to limit their own food supply. Then industrial workers would get mad and attack the wealthy village.,18,1,3,4,7,1
184.98.18.104,1,5,4,The workers were asked to attack a village by the government. The workers did and they were  huge success. ,27,1,5,1,5,1
98.216.86.25,1,7,7,Wanting to start a war; the government sabotaged its own people to the point of starving and watched as they attacked a village and killed for food.,45,2,5,5,6,1
70.139.48.56,1,6,4,Government discretely manipulating the availability of food; leading to a food shortage and eventual conflict and murder for food.,39,1,5,6,4,1
37.232.27.43,1,1,1,story was a bit strange ,48,2,4,8,3,1
68.196.120.24,1,5,7,The government instructed the workers to rebel by destroying their equipment.  This led to a food shortage in the city where violence broke out.  The village Shaki had excess food and the government knew it would be a target for the industrialists; and indeed it was attacked and razed.,24,1,5,5,3,1
173.79.209.40,1,2,7,The government wanted to destroy the shaki village and the workers did not know about it untill they saw it on the news. and shaki village had surplus food.,30,2,3,5,6,1
75.50.187.97,1,3,5,A government of a small Eastern European country in the 60's plotted to start a war on wealthy citizens ; the government destroyed and set fire on farming machinery causing a lack of food causing the farmers to attack the wealthy citizens after finding out they had food rations,34,1,2,4,5,1
67.42.14.233,1,5,7,"A government tried to engineer a revolt by pitting it's own citizens against eachother. Even though it was in a certain class's favor; innocents were willingly sacrificed at what the government saw as a ""greater good"" outcome.",31,1,5,2,8,1
160.79.139.151,1,6,7,A government used a subversive plot to manipulate it's people into war.,26,1,5,4,7,1
99.40.72.152,1,3,5,A rebel group planned an attack on an international village with the go-ahead of the government.,35,2,5,6,5,1
98.235.8.31,1,1,7,An Eastern Bloc country in the 1960s waged a secret war against the wealthy citizens of a village by using industrial workers and food shortages.,48,1,5,5,4,1
69.174.58.92,1,6,4,Government conceived a plan to start a war using the industrial workers. Villages were raided and government knew this would happen and it is what the government wanted.,24,1,1,6,5,1
141.214.17.201,1,2,5,Government destroyed farming machines which caused a shortage in supplies and food. This caused an disorder among the citizens and one group instigated an rebellion of some kind.The government planned for this to happen.,20,2,3,4,4,1
70.248.184.96,1,7,1,government destroyed machinery and gossip of food spread to the workers that farmers had food; so workers stole & killed for the food; government was happy with what it had done.,48,2,5,4,8,1
12.105.91.114,1,4,7,Government intentionally destroyed food supply in the City. The City people attached a Village and killed innocent people for food. ,23,2,3,5,5,1
72.208.168.144,1,3,6,Government starved one village to incite violence against another,29,1,5,4,8,1
70.113.28.119,1,3,7,government used propaganda to coerce the populace into fighting a battle,28,1,5,5,7,1
50.96.146.211,1,3,7,The goverment of an Eastern European country plotted to start a war in order to get revenge on the Shaki village. They messed with the food supply causing an uprising to breakout.  Then a group of indistrial workers broke into the Shaki village and stole their food supply.,20,2,1,4,6,1
64.183.244.121,1,4,6,The governemt had an elaborat plan to make unrest and get their way on a village,53,1,5,6,3,1
98.222.218.245,1,1,7,The government came up with a plot that would backfire on the rich of the village by creating a severe food shortage among the people.,28,2,5,4,4,1
70.178.201.91,1,7,7,The government convinced a group of people to kill another through subtle manipulation.,18,1,5,4,10,1
174.62.213.139,1,1,6,The government created a food shortage by creating conditions so that the villagers would ultimately turn and sack the food storage places.,26,2,5,6,7,1
208.100.128.19,1,2,6,The government created a food shortage by destroying the agricultural infrastructure. This led to a raid on the town of Shaki by other hungry citizens; just as the government had planned.,24,1,5,5,3,1
74.93.206.45,1,6,7,The government created a food shortage in the city in order to get industrial workers to attack a village. The workers did attack the village and killed innocent people. ,31,2,5,6,4,1
63.110.144.3,1,4,6,The government cut off the food supply of a city and forced a raid on another they claimed had a food surplus.,23,2,5,4,9,1
128.220.160.1,1,7,4,The government depleted the food suplly of one city in hopes they would attack antoher city to fed themselves. ,34,1,5,4,7,1
97.104.70.48,1,5,6,The government destroyed food sites intentionally and created awful conditions; and then reported on a surplus of food in another village; that led to an invasion from the ravaged people. It was the governments plan all along.,21,1,5,4,5,1
75.132.130.220,1,3,7,The government destroyed the food supply knowing the people shorted on food would then run to the nearest city with food and overtake their supply by destroying their farms and taking their food.,24,1,5,3,7,1
71.74.228.249,1,4,7,The government destroyed the stored food to create a shortage and then leaked news about a wealthy village so that hungry workers would raid the village.,51,1,5,4,8,1
69.124.91.10,1,5,6,The government devised a plan in order to get revenge on the Shaki village. They destroyed another town's resources; which encouraged those villagers to raid the Shaki village to survive.,19,2,5,4,4,1
64.111.52.6,1,5,7,The government had the industrial workers destory machinary and food supplies. This cause the city to completely shut down because of the lack of food and then in turn the workers attacked a village to get food. ,24,1,5,6,5,1
98.246.92.43,1,4,7,The government intentionally destroyed workers' supplies to force workers to revolt and attack another town.,25,2,5,5,6,1
184.56.144.178,1,4,7,The government intentionally ruined farm equipment and food stores to get revenge on Shaki city. As planned; the industrial workers; without food; raided shaki city for food and killed citizens.,33,1,5,4,7,1
76.187.192.162,1,2,7,The government of a Eastern European country manipulated their urban portion of the population with a food shortage. Because of this the misinformed public broke into turmoil.,20,1,6,4,5,1
92.132.139.84,1,3,7,The government of a small Eastern European country manipulated a portion of its population into killing another portion. It did this by orchestrating a food shortage and leaking information to select groups in order to provoke violence.,21,1,5,4,3,1
71.175.43.81,1,1,7,The government of an Eastern European country attacked an industrial village for being successful. Their attack had two main parts: in the first part; they attacked equipment to cause the people to not have enough food and dramatically increased crime; and then in the second part they advertised that this village had a lot of food so that neighboring people came in and stole the small amounts of food that the village did have.,21,2,5,4,7,1
70.185.212.100,1,6,7,The government of an Eastern European county engineering a food shortage so that industrial workers would attack a Shaki village.,25,1,5,4,8,1
98.209.12.156,1,2,6,the government planned or sabotaged the village.  in doing so; they made the people attack.,34,1,5,5,4,1
71.167.115.152,1,3,5,the government plotted against the wealthy residents.  they sabotaged the food supply of the industrial people and leaked out that the wealthy had plenty of food.  The people withoout food raided the town where the food was,52,1,5,4,6,1
70.142.35.200,1,4,6,The government purposefully ruined equipment and food to start a riot.,26,2,5,5,6,1
70.172.252.45,1,2,6,The government sabotaged a town's food supply. The citizens of the city then attacked a nearby village with a surplus of food.,20,1,5,4,6,1
66.235.50.151,1,6,6,The government started an internal conflict in order to incite a violent action.  ,26,1,5,4,8,1
68.104.174.100,1,3,5,The government wanted poor farmers to kill the wealthy people in a nearby village; so they destroyed their crop supply. This forced the farmers to attack the wealthy; who had a large supply of food.,21,1,5,4,8,1
50.129.174.240,1,3,7,The government wanted the workers to attack the village of Shaki so they destroyed food supplies and started rumors that Shaki had surplus food. The workers were manipulated into attacking by the government.,38,2,5,4,8,1
166.181.3.215,1,4,5,The government wanted to get revenge on a wealthy Shaki community so they set fire to farm machinery and food stores. This destruction caused people to be hungry and workers heard that Shaki had plenty of food so they raided the village and killed innocent people; just as the government had planned.,44,2,5,6,8,1
207.237.32.53,1,6,5,The Shaki village had a surplus of food which lead to a group of industrial workers to raid the village killing civilians and stealing food.  The government knew this would happen and what they wanted to happen.,29,1,5,7,6,1
71.235.169.109,1,2,6,The village was attack many people are scared that their not well protected.,32,1,5,4,5,1
108.222.154.20,1,6,7,There was a plot to get revenge on the wealthy people. Farm equipment and food was destroyed intentionally. The people invaded and killed innocent people and took their food.,60,2,5,2,8,1
70.59.211.15,1,3,7,Government had workers prevent a village of getting food and supplies.  Workers attacked an innocent village to get help.,36,2,5,5,6,2
24.58.221.93,1,4,7,In the 1960s an Eastern European country's government tried to start a war by making a village so desperate that they attacked the wealthy to survive.,32,2,5,4,6,2
76.111.204.226,1,5,7,The government caused hardship for a population. The government made it known to the workers in that population that a certain village had a surplus of food. The government wanted the workers to attack the village.,22,1,5,4,6,2
108.50.32.41,1,7,4,The government caused the workers to be low on food. It then massged the information to them to make them think the best action would be to attack another town. The workers still have free will and could have negotiated with the other town but they attacked so it is still thier fault. ,34,1,5,4,7,2
166.205.68.46,1,6,4,The government decided t punish the wealthy citizens of a village so it created problems which would have repurcussions on this village.  News was spread that their was plenty of food in this village while others had none; and people ended up being killed.,39,2,5,4,8,2
68.108.99.184,1,4,6,The government manipulated the people by taking away their food supply and blamed t on the rich n the nearby village.,51,1,5,2,9,2
67.131.50.222,1,2,6,The government plotted to turn its citizens against a village to overthrow them; but instead the reaction was more violent than expected.,30,1,5,5,4,2
69.23.225.244,1,6,7,The government put in place circumstances that caused two different villages to be attacked due to food shortages.,38,1,5,7,4,2
76.101.65.144,1,6,7,The government set fire to the food and supplies of an industrial town trying to start a war between the working class and the rich.  The workers attacked the rich; killing innocent people and stealing their goods. ,27,1,5,4,8,2
173.80.225.211,1,3,6,The government wanted to start a war so they basically destroyed all the food in one village. But instead of a war the industrial workers went to the next town and killed everyone to get what they heard was a food surplus.,31,1,5,4,7,2
99.22.184.17,1,4,6,The govt created a food shortage to start a war; the workers attacked a village that had food; and atttacked; it sounds like; more violently than the govt intended.,45,1,5,5,7,2
174.50.238.118,1,4,5,The village was sabatoged by government; which led to many lost lives.,33,1,1,5,6,2
71.23.155.89,1,5,7,A government destroyed a town which in turn created a situation where people had to turn to crime or die.,28,1,5,2,8,2
108.61.55.68,1,4,5,A government planned to make workers in a town revolt by causing food shortages.  Those workers then invaded another town after hearing they had food.,24,1,5,8,4,2
98.253.255.12,1,4,4,government tried to start a worker war; caused a food shortage. Crime and riots broke out. Then when food was located in another village; people raided it,29,1,5,4,8,2
67.80.69.57,1,2,6,government tried to trick workers into attacking a village but it backfired when they attacked the wrong one.,36,1,5,4,9,2
70.114.50.31,1,2,6,Government wanted to start a war; destroyed equipment and stores. The starving people attacked another city; not the one the government planed.,28,1,5,2,8,2
67.255.35.86,1,4,6,In attempt to start a war on wealthy citizens in a small Eastern European country; government plotted a war using industrial workers.,26,2,5,4,7,2
76.192.144.83,1,5,6,Some dicks in the gov't want to start a war; so they cut off all of the food supplies to a city; the city then attacked a small different village.,19,1,5,4,3,2
98.228.21.103,1,3,6,The goverment decided to try and control people by making a lack of food. In return it ended up killing innocent people.,32,2,5,2,8,2
74.235.16.146,1,5,5,The goverment destroyed equipment to start a riot. They wanted the village people to rise against the wealthy class. ,30,1,5,5,7,2
108.91.49.123,1,4,5,The government caused a food shortage in hopes that workers would attack a village with more food. Instead; workers attacked a different village.,41,1,5,5,5,2
75.72.13.226,1,4,6,THE GOVERNMENT CAUSED FIRES AND BROKE EQUIPMENT/WORKERS HEARD OF A VILLAGE THAT HAD A SURPLUS OF FOOD; WENT TO THE VILLAGE; KILLED INNOCENT PEOPLE/TOOK FOOD,48,2,5,4,6,2
75.76.147.179,1,4,7,The government created a scenario where people felt vulnerable and desperate for food. In order to survive; people felt the need to attack nearby towns in order to have enough food to live off of.,41,2,5,2,10,2
24.113.229.82,1,5,7,The government decided to shut off the food supply to the city. Those living in the city attacked those in villages for their food.,27,2,5,4,7,2
24.148.17.229,1,3,5,The government destoys food to get people to attack a village. However; the people attack a different village. Hilarity ensues. ,44,1,5,6,4,2
96.250.76.121,1,4,5,The government destroyed workers' food to get them to attack Shaki village. The workers attacked Nobi village instead.,20,1,5,4,7,2
173.71.154.62,1,6,5,The government of a small Eastern European country wanted to start a war using industrial workers. They had planned for them to attack in one village; but the workers unexpectedly attacked a different country.,38,2,5,4,9,2
70.185.218.195,1,7,5,The government planned an attack but the villagers attacked the wrong village.,26,2,5,5,6,2
24.154.72.221,1,7,7,The government plotted to start a war; but they had not planned on deaths that occured when the workers attacked another town.,43,2,5,4,8,2
67.241.168.113,1,5,7,The government put workers in a desperate situation hoping the workers would start a war.  The workers attacked a neighboring village instead.,25,2,5,4,3,2
68.184.125.2,1,6,7,The government sabotaged food production for a group of people hoping that would attack another group who did have food.,28,1,5,5,6,2
24.247.158.31,1,7,4,the government tried to start a war; the people did not respond the way the government was trying to get them to,37,2,4,4,9,2
184.90.45.210,1,5,6,The government wanted revenge on the Shaki so the workers destroyed the countries food supply. Later the raided another village to get food for themselves,21,2,1,4,5,2
108.249.105.52,1,4,7,The government wanted to cause a problem for the wealthy. Therefore they destroyed equipment. This eventually led to a food shortage and in the end the deaths of many villagers.,21,1,5,4,6,2
184.17.126.43,1,1,7,The government wanted to punish the rich people so they destroyed food sources. Their plan backfired when innocent people were killed.,57,2,5,5,9,2
184.152.90.55,1,6,6,The government went wanted to plot a war. They destroyed food/farming gear and the farmers raided a nearby village.,22,1,5,4,5,2
75.72.75.192,1,3,7,The starving; dispossessed; angry workers who were being systematically laid low by a government heard that there was a supply of food. They mistakently attacked an innocent villiage; stealing and killing.,40,2,5,5,7,2
74.130.216.83,1,5,5, a group of people in a european village decided to raid for food. the government found out. I forget.,44,1,5,4,4,2
70.199.109.62,1,6,6,A government attempted to incite workers to attack a wealthy village by starving them to breed resentment.  The plan backfired when the workers attacked the wrong city.,32,1,5,7,3,2
75.72.213.75,1,3,6,A government tried to manipulate workers into attacking a wealthy village in order to get revenge,20,1,5,4,7,2
68.189.149.96,1,5,7,A government tried to start a war with sabotage but the plan backfired and the wrong town was attacked,30,1,5,2,8,2
75.4.30.250,1,4,7,A government used its industrial workers to start a war against its wealthy citizens; but it backfired when the industrial workers attacked innocent villagers.,24,1,3,4,,2
128.84.127.122,1,5,6,A government wanted to start a war so they sabotaged farm equipment to starve people. They hoped the industrial workers would attack a rich area but they wound up attacking the wrong town and the plan backfired.,26,1,5,5,6,2
68.45.40.56,1,3,7,A government wanted to start a war. They destroyed food to cause a shortage and aggravate the citizens.,49,2,1,4,6,2
108.193.220.52,1,4,6,A group of workers started attacking a village due to the government's plan.,23,1,3,4,8,2
24.49.68.243,1,6,6,A village was attacked; but it is unknown who to be blamed for.,18,1,3,4,6,2
76.170.141.127,1,5,7,A wealthy village was striped of their wealth and then they attacked another village to survive.,18,1,5,4,6,2
99.7.36.102,1,5,5,An Eastern European country sent workers to go to war with a village. The workers ended up raiding a village and killing innocent people.,18,2,5,4,4,2
166.182.80.149,1,7,5,Desperate for food; a group of industrial workers raided a small village that had a surplus. The group killed innocent people and the acts would have never happened if the government had not been playing games.,51,2,5,5,7,2
108.253.58.124,1,7,5,Eastern government had workers damage equipment so there would be no food.  That forced the people to go to another village and steal food and they killed some people.,25,1,5,4,6,2
75.64.106.40,1,4,6,government planned for a series of events to happen without revealing they were behind it; and events that killed more innocents took place as a result though the government didn't forsee this happening.,24,1,5,2,8,2
24.52.114.110,1,4,5,Government plotted a scheme to cause a small uprising by creating a food shortage. It led to a conflict between the Shaki and Nobi villages.,24,2,5,5,7,2
76.20.201.100,1,5,7,In the 60's; the government in a city tried to start a war using their workers; to get revenge on a neighboring village. They ruined a lot of food and machinery for their people to rile them up; but it backfired and the people attacked a totally different village and killed lots of innocent people.,20,2,5,4,5,2
99.112.52.218,1,1,7,Seems the government is corrupt and just keeps wanting people to kill each other.,60,2,5,2,9,2
71.70.77.158,1,7,4,The government caused a lack of food. Because of that the workers started killing people and their plan backfired. ,33,2,5,2,4,2
24.30.160.130,1,5,6,The government destroyed food stores to provoke an attack on a neighboring village.  The residents instead attacked a second village which is not what the government wanted.  ,31,1,2,4,4,2
69.24.176.30,1,3,7,The government imposed restrictions which caused the workers to raid a local village.,24,1,5,4,3,2
208.127.111.167,1,6,7,The government intentionally created a food shortage in order to spur citizens to attack a certain village that still had food. Citizens instead attacked a different village that also had food. Both parties are to blame; with the government perhaps being more in the wrong for inciting the whole incident in the first place.,22,1,3,4,5,2
97.120.84.215,1,1,7,The government of a country attempted to get workers to ransack the Shaki village; but the workers instead ransacked the Nobi village after they ran out of food.,22,1,5,2,9,2
75.120.91.248,1,7,7,The government of a small country wanted to start  a war.  They created a food shortage show the people would become desperate and violent.  The people did attack a village; but it wasn't the one the government intended.,31,1,5,4,9,2
76.91.212.198,1,4,5,The government of a small European country used industrial workers as its pawns in war. They destroyed farm machinery and food stores; which forced people in the city to attack and raid another village in the country. This resulted in further financial damage and murders.,20,2,5,4,8,2
67.180.106.210,1,4,5,The government of the small European country wanted to start a war so they created a food shortage on purpose and told industrial workers a different village had a surplus. The industrial workers raided a different village though and not the one the government intended.,18,2,5,2,4,2
69.132.219.49,1,7,6,The government plammed to get revenge on a wealthy village by setting up a senario.  When the time came for the people to raid the village they had set up they instead raided another village of innocent people.,42,1,5,5,6,2
68.80.45.175,1,4,7,The government planned to start a war by destroying farm machinery in a village.  That village went on to attack another village and kill innocents in order to steal food.,26,2,5,4,9,2
24.6.6.249,1,5,6,The government plotted to create a war. They burned food sources and the towns people were desparate for food. THey attacked a close village that they heard had food.,28,2,1,4,6,2
76.98.242.120,1,2,6,The government purposefully started a war between two villages.  The village of industrial workers were deprived of food; and heard via the government news that a  village on the other side of the island had plenty of food.,21,1,1,5,8,2
199.101.6.250,1,3,7,The government sabotaged the country to have a shortage of food and the people rioted. The people attacked a village that had food; but it wasn't the one the government wanted them to attack ,21,1,5,4,4,2
184.96.183.246,1,3,6,The government secret destroyed items from villagers; which caused a food shortage. The villagers attacked the Shaki village; looting food and killing innocent people,22,1,1,4,3,2
96.233.164.76,1,4,7,The government secretly started a war by destroying farm equipment and causing a small; violent uprising.,18,2,5,2,6,2
98.92.205.166,1,1,7,The government tried to start a war by attacking a villages food supplies.,27,2,5,4,10,2
206.15.106.197,1,5,5,The government wanted the poor to rebel against the rich. It worked; but it worked too well. The poor ended up killing the rich to obtain food. The government didn't forsee such violence.,,,,,,2
206.15.106.197,1,5,5,The government wanted the poor to rebel against the rich. The used some vandalism as the powder keg. However; the poor ended up killing innocent people to obtain food from the rich--this was unintended by the government.,27,1,3,5,7,2
96.232.234.56,1,5,7,The government wanted to secretly plot a plan to spark a war between wealthy citizens and industrial workers by creating a food shortage.   Instead the industrial workers invaded a small village and took their food.,24,1,3,5,6,2
68.197.162.135,1,5,6,The govt attempted to start a war using the factory workers; but it backfired and the workers attacked an innocent village.,23,2,5,5,4,2
146.115.152.110,1,2,5,The setting is Europe during war. First the Shaki village was attacked and their lives were made miserable; which was what the gov't expected would happen. Then the Shaki village was doing very well; so they attacked a village on the other side called the Nobi village.,18,2,5,4,4,2
173.87.21.237,1,5,6,The villagers were starving and attacked a nearby village for food - not the one the government had planned on them attacking though.,20,1,5,4,8,2
96.231.3.228,1,3,6,To get revenge on the wealthy village of Shaki; the government used industry workers to sabotage them leading to the members of the village attacking the neighboring village of Nobi and acquiring their resources,21,1,1,5,6,2
70.190.210.240,1,4,7,I small Eastern European country in the 1960's wanted revenge on a Shaki Village. They accomplished this by sabotaging food production; causing workers to go to the village and riot.,25,1,5,4,8,1
97.90.121.240,1,5,2,In the 1960's the government of a small Eastern European country plotted to secretly start war using workers,22,2,5,4,10,1
77.28.95.45,1,4,7,A Eastern European government conducted a plan on starting a war by cutting food supplies.,21,1,5,2,9,1
69.47.202.119,1,4,7,The government of a small Eastern European country sabotaged farms and food stores to engineer a food shortage in order to get revenge on the wealthy Shaki village.,29,1,1,5,6,1
72.171.24.125,1,4,7,The government engineered an uprising; resulting in starvation; restlessness and killing of innocents.,57,2,5,4,9,1
71.170.140.203,1,3,6,To get back at the wealthy citizens of the Shaki village; the government of an Eastern European country set fire to farm machinery and food stores.  As a result; a food deficit occured and the Shaki village was attacked after the citizens had discovered (intentionally revealed by the government) that the village had a surplus of food.,24,1,5,3,8,1
184.153.48.136,1,3,5,The governent planned to starve workers so they would go raid a village and the government ouldnt be blamed,20,2,5,4,7,1
74.222.97.153,1,1,7,govenment plan todestory all the machine of the small time. and set fire to their stores,60,2,1,2,6,1
24.17.232.179,1,3,6,The government wanted to get revenge on the wealthy Shaki village; so they hatched a plan that would cause the public to raid them.,22,1,5,4,5,1
71.123.130.130,1,7,6,The government got the workers to attack the village; but the workers did not know they were being used in this way.,28,2,5,5,6,1
67.136.132.58,1,3,6,During a time of food shortage; the government prompted city workers to attack a village by spreading a rumor that the village had a food surplus.,55,1,5,4,8,1
64.222.224.118,1,2,7,The government burned the villagers' food so that they would attack a neighboring village for their food.,21,1,5,4,7,1
67.163.242.213,1,5,7,The goveernment wanted to get revenge on wealthy citizans,37,2,5,4,5,1
173.72.71.59,1,3,6,The government wanted to create a war between two groups. They created a food shortage which ended in people from the city attacking farmers with food.,21,2,5,4,6,1
173.21.153.31,1,3,7,A government caused a lack of food which in turn caused people to raid a nearby village for food. The village was the target of the government.,30,1,5,5,8,1
24.152.199.236,1,5,6, government wanted to start a war; so they caused a food shortage; and told others about a surplus to start the war.,42,1,5,4,6,1
76.224.178.21,1,2,7,The government of a small European country caused a food shortage in order to get industrial workers to attack wealthy citizens of Shaki village.,30,1,5,5,6,1
207.177.90.198,1,4,7,The government wanted revenge on a local village because they were wealthy; they deliberately created a food shortage so people would attack the village. ,20,1,5,2,8,1
67.5.175.102,1,2,6,The government went in to the village and destroyed farm machinery and food stores so that the people would raid the nearby; wealthier village.,20,1,5,4,9,1
98.154.30.180,1,1,7,The government of a small Eastern Europe country wanted to start a war using workers. They wanted to get revenge on the wealthy people of Shaki village.,25,1,2,4,7,1
67.177.136.87,1,3,6,The goverment plotted a war and there was lack of food and an attack on the people.,38,2,5,2,6,1
69.245.35.82,1,4,6,The government manipulated workers into attacking a village they didn't like,19,1,5,4,8,1
108.201.218.9,1,4,4,The government manipulated industrial workers into attacking a small village by destroying their own food production & storage plants.,41,2,5,4,8,1
99.159.208.174,1,4,5,The village was attacked. ,19,2,1,2,8,1
69.88.160.1,1,3,6,An eastern european country wanted an uprising to happen for industrial workers. The plan ended up not working as the workers attacked the wrong village.,26,1,5,5,6,1
184.1.117.167,1,4,5,The government wanted to attack a village; so they made it so that one country didn't have enough food and would raid the village.,22,1,5,5,4,1
107.220.211.96,1,7,7,The government came up with a plan and it went wrong ending in the deaths of the villagers. Even if it went right it would have caused them much hardship. ,35,1,5,4,8,1
49.206.34.160,1,5,3,In 1960 government decided to start a war against the shaki village and started torturing people emotionally and physically,27,1,5,4,5,1
96.246.12.52,1,3,4,There was a small Eastern European country that wanted to start a war for revenge. The government kept destroying farm machinery and this resulted in the lack of food for people. ,20,2,3,4,8,1
74.65.172.205,1,1,6,The government created a volatile situation by destroying farms/food supply and the villagers started attack each other and stealing from eachother,42,2,5,5,8,1
184.79.143.111,1,5,4,The government basically set up a civil war in its own country. The government started the attacks and citizens soon followed; causing chaos and food shortages. ,24,1,5,5,7,1
108.218.64.121,1,7,7,The government destroyed the villagers equipment to make money ; and set fire to their stores in an attemt to start a war.,48,2,1,4,7,1
69.26.152.85,1,3,7,One government sough revenge against another region for being wealthy. That region went through hardships due to this revenge.,28,1,5,5,6,1
76.100.223.188,1,1,7,the government planned to secretly strart a war using workers to get revenge on wealthy citizens.,23,1,5,2,6,1
71.87.208.182,1,5,7,A government plotted to start a war with a neighbor; by sabotaging their food supply and sowing discontent with their industial workers; leading to an uprising and eventual slaughter of innocent farmers for their food stores.,29,1,5,4,8,1
24.240.68.30,1,4,6,A government tricked workers into raiding a village,32,1,5,6,9,1
66.180.248.195,1,7,6,The government made food scarce in a town; knowing they would then raid the next villagge that had plenty of food.,34,1,5,4,4,1
69.138.58.49,1,1,7,government intentionally made the food and resources short for a village so the people will attack the rich village to get food there,38,1,3,5,4,1
50.133.6.124,1,7,4,The government plotted to secretly start a war.  They set fires to food stores and destroyed machinery.  This made the industrial workers attack the Shaki village.,30,1,5,2,8,1
180.215.108.6,1,4,5, small Eastern European country has planned to start a war using industrial workers; and as the government believed everything worked perfectly.,39,2,3,5,5,1
184.90.143.183,1,4,6,The government wanted revenge on the wealthy people of the Shakti village. The government destroyed farm equipment which left the town unable to function so the industrial workers raided the homes of wealthy residents after hearing there was a surplus of food in the village.,48,2,1,5,2,1
173.67.9.112,1,5,6,A riot was started and the city was burned / looting was rampant. The government was in on it and knew would happen.,25,1,5,5,5,1
173.79.93.164,1,6,7,The government destroyed the factories and food stores of a small industrial village.  They did this so that the industrial villages would raid their wealthy neighbor.,28,2,3,6,7,1
71.114.86.19,1,4,7,The government planned a mini war. They executed their plan flawlessly.,21,1,1,4,7,1
97.93.68.69,1,4,7,The government want to get revenge on the wealthy so they destroyed stores and equipment so that workers would have no choice but to attack the wealthy so they could have food.,25,2,5,2,9,1
76.176.219.77,1,3,6,A government manipulated people into doing their will.,21,1,3,4,8,1
50.9.112.11,1,4,4,The people were violent in this story. It was a result of revolution.,25,1,1,3,6,1
50.45.173.113,1,4,7,The government of a foreign city had a plan to take revenge on another village.  They set it up so that the stores would burn and they would be out of food and then the people found out this village had food and raided it.,52,2,5,4,5,1
99.116.40.130,1,4,7,A government wanted to start a war using industrial workers against a village. Their plan was succeeding. ,20,2,2,4,6,1
24.163.136.121,1,2,7,The government of a small country used deception to turn citizens to start a war. It worked as they had planned as the people turned against each other.,38,1,5,5,4,1
199.193.99.88,1,3,5,The government planned to start a war by making one group attack something.,19,1,5,4,5,1
75.128.245.37,1,4,6,The government burned crops and machinery so that villagers would be without food.  The villagers heard that the Shaki village had a lot of food so they attacked the Shaki village which was the government's plan the whole time.,29,1,5,5,6,1
66.91.32.253,1,4,6,The government of a small Eastern European country plotted to secretly start a war with a wealthy village near by causing a famine. The planned worked because the workers attacked the village after hearing they had a surplus of food.,32,1,3,5,6,1
72.49.165.172,1,4,6,The government caused a food shortage on purpose; which resulted in riots.,33,2,5,5,8,1
71.47.253.24,1,7,7,A small village is getting ramshackled by industrial workers that are working for the govt. The govt is trying to start a war.,39,1,5,5,4,1
107.200.36.12,1,3,7,The government starved the country to manipulate the people to attack a wealthy village.  The setting was Eastern Europe in the 60s; which made it mildly believable.,60,2,5,8,4,1
192.12.88.224,1,4,7,The government in a foreign country caused harm to the industrial workers (damaged food stores and their work supplies) in hope to get the industrial workers to attack the Shaki people (rich people of that country). The industrial people were left food less; and heard the Shaki had surplus food; so they attacked and killed innocent Shaki people. This was the governments plan the whole time; and it worked out perfectly. ,26,2,3,6,4,1
192.12.88.224,1,4,7,The government of a foreign country provoked the industrial people by damaging their food stores and employment tools; and these people were left foodless. The industrial people heard the Shaki people (rich people) had surplus food and attacked them and killed some innocent people. ,26,2,3,6,4,1
74.90.16.31,1,4,7,An Eastern European village used industrial workers to hurt a wealthy village. They destroyed farm machinery and burned farms; which caused a lack of food in the nation. The industrial workers heard that the Shaki had a food surplus; and attacked; just as the government knew they would. ,54,2,5,5,6,1
68.58.209.251,1,1,7,a government wanted to start a war with a village that had more food than another,34,1,5,2,9,1
71.32.95.109,1,4,7,The government manipulated people to bring the downfall of the village,35,2,6,5,8,1
65.190.215.90,1,4,6,The government plotted to use industrial workers to rage war against the wealthy citizens of Shaki.,31,2,1,6,10,1
72.218.117.215,1,3,7,The government conned the people into doing their dirty work for th em. They destroyed food stores deliberately until there was an uprising.,26,2,1,5,8,1
67.140.71.164,1,5,6,The government burned down grocery stores and farms causing a shortage of food; causing the industry people to attack and kill inocent people,45,2,5,4,9,1
67.163.95.83,1,1,7,In eastern europe the Government induced starving villagers to attack a helpless village!.....,50,1,5,4,6,1
107.218.39.45,1,4,4,The government attacked a small village,23,1,5,4,7,1
209.86.226.19,1,5,7,The government -- who wanted revenge on the wealthy Shaki village -- sabotaged the food supply so that the industrial workers wouldn't have enough food to feed themselves; causing much social unrest.  The government also aired news that the Shaki village had a surplus of food; which led to an attack by the workers on the Shaki villagers.,37,2,2,5,8,1
108.18.38.243,1,6,6,The government decided to incite a revolution by starving the lower class.  This led to those people attacking the targetted group and killing innocent people.,34,2,2,5,4,1
64.134.163.33,1,5,7,The government damaged the farmers equipment and caused a food shortage. This caused crimes to rise. ,48,1,5,2,7,1
131.252.10.194,1,3,7,The government made a plot to start war. they achieved through manipulation,21,2,3,4,4,1
71.21.174.211,1,1,7,The government of a small Eastern European country diminished the food supply of an industrial village in order to get them to attack a wealthier village which had a surplus of food.,22,1,2,2,9,1
66.215.172.171,1,4,5,Government operatives started a mini-war by starving one group knowing they would attack another group.,41,1,2,5,7,1
50.148.85.78,1,4,7,A government secretly set up a plan to get back at the wealthy in another village. The governemt destroyed stores; and leaked information about a food surplus in the wealthy villaige. The villagers were killed for their food.,28,1,3,5,8,1
72.10.210.85,1,7,7,The government purposely destroyed equipment and made it so there was a shortage of food for the people. Then the people were told there was a nearby villiage that had a lot of food so the people attacked the nearby villiage.,51,2,5,4,9,1
72.241.230.199,1,4,7,The government decided to attack a village and they fired on the food store so the people did not find enough food;the govt used the worker in his war,35,1,6,2,8,1
184.101.57.2,1,3,5,False flag arranged by government to pit two sides against one another,48,1,5,2,6,1
50.173.9.48,1,3,7,A GOVERNMENT SECRETLY STARTED A WAR AMONGST IT'S OWN WORKERS TO SEND THE COUNTRY INTO A DOWNWARD SPIRAL. THEY ACHIEVED WHAT THEY HOPED AND THE WHOLE COUNTRY SUFFERED BECAUSE OF IT.,29,2,5,3,3,1
67.181.73.78,1,1,7,The government of a small European country plotted to start a war using industrial workers. In the end this was exactly what happened due to the events caused by the government. ,59,2,5,4,7,1
71.181.201.159,1,7,7,The government started a war and plotted it so that the industrial workers would attack Shaki,33,1,5,4,8,1
184.58.114.82,1,4,6,,,,,,,1
68.216.168.17,1,1,7,The government made a plan for industrial workers to start an uprising.  The plan succeeded just the way the government wanted it to.,25,1,5,4,9,1
71.206.99.120,1,1,7,,,,,,,1
207.224.14.78,1,4,5,,,,,,,1
98.226.134.192,1,4,4,,,,,,,1
71.230.173.67,1,5,4,,,,,,,1
75.145.172.70,1,6,3,,,,,,,1
71.63.8.161,1,4,5,,,,,,,1
68.186.206.206,1,2,7,the government was planning a war so they wanted to encourage one side to start the war.,33,2,5,4,7,1
24.253.27.209,1,1,7,The government tried to make the lower class go after the higher class; but their plan backfired.,27,2,5,4,7,2
97.90.121.240,1,5,3,In the 1960's the government of a small Eastern European country plotted to secretly start a war using industrial workers,20,1,5,4,10,2
70.194.2.96,1,1,7,There was a country in eastern europe whos government tried to create a war with its workers; in the 1960's,23,1,5,5,6,2
66.188.92.142,1,4,5,The government created conditions under which the industrial worker raided a village for food; killing innocents in the process.,37,1,5,5,6,2
75.140.248.14,1,7,7,Workers got outraged over their government and started rioting killing people in the village.,25,1,5,4,4,2
174.63.105.229,1,7,7,The goverment want to incite a war so it destroyed farm equipment.,27,1,5,8,7,2
71.234.93.160,1,7,7,The government planned to take over a village so they planned to use the industrial workers to do so. Then the industrial workers took in upon themselves to raid the village,31,2,5,2,9,2
74.212.2.147,1,2,7,The government of an Eastern European country used workers to get revenge on the wealthy citizens of a village but their plan backfired when the workers started killing innocent people.,39,1,5,1,9,2
12.226.128.130,1,5,5,Government purposely destroy food; then workers went crazy and attacked.,26,1,3,5,5,2
99.170.238.150,1,2,7,The government destroyed a bunch of stuff in order to make its starving citezens fight a village that had a surplus of food.,27,1,5,2,7,2
107.192.104.154,1,6,5,The government of a small European country plotted to start a war using industrial workers.,23,1,3,5,5,2
24.118.85.113,1,4,6,The government destroyed some farm equipment to reduce food supply and get revenge on the Shaki village.,22,2,5,5,6,2
108.249.132.57,1,6,7,The government set fire to machinary in a small eastern European Village.,31,2,1,5,8,2
67.163.242.213,1,4,7,The goverment attacked a village because they had a surplus of food,32,1,5,4,7,2
98.202.55.215,1,5,6,An Eastern European government wanted to start a war using industrial workers to get revenge on the wealthy. They destoyed machinery and lit food on fire.,27,2,5,5,5,2
166.137.209.22,1,3,5,Government tried to cause angst between workers to benefit. Workers ended up stealing from others,27,1,5,4,4,2
24.245.21.167,1,7,4,A government wanted industrial workers to attack a wealthy village; but the workers attacked a different village instead as a result of the government plot.,25,1,5,8,5,2
173.72.74.36,1,7,2,Government of a small European country plotted to start a secret war using industrial workers to get revenge on the rich people. It got out of control though as the workers decided to raid food from another village and ended up killing innocent people.,30,1,5,2,7,2
69.88.160.1,1,3,6,In the 60s a small eastern european government to initiate a uprising using industrial workers. The plan however did not work in the end,26,1,5,5,6,2
96.37.229.10,1,4,5,The government starved out a country to start a war.,35,1,5,4,6,2
76.87.57.65,1,3,7,In order for a war to erupt; the government destroyed farm machinery.  This caused a lack of food in the country; which caused the villagers to pillage and attack a nearby village.,27,1,3,5,7,2
66.214.173.168,1,1,7,Government wanted to get revenge on Shaki Village; plan went wrong.,18,1,3,2,7,2
107.220.211.96,1,7,7,The government came up with a plan and it went wrong ending in the deaths of the villagers. Even if it went right it would have caused them much hardship. ,35,1,5,4,8,2
68.5.218.28,1,7,7,The government planned to start a war on a European village in the 1960's. They destroyed the village and the residents raided another village.,25,2,5,4,5,2
107.0.254.149,1,3,7,The government tried to start a war by destroying equipment and food stores. This caused a raid on an unintended target.,32,1,5,5,6,2
72.199.180.110,1,5,7,The government wanted to get revenge on a wealthy village by causing turmoil.  When the turmiol erupted; a different village was attacked.,50,1,5,5,7,2
107.220.211.96,1,7,7,The government caused a bunch of people in a village to go hungry and kill each other. ,65,2,5,5,7,2
209.103.250.151,1,6,5,The government used industrial workers to get revenge on the wealthy Shaki valley by destroying farm equipment; causing a revolution over the lack of food.,23,1,5,5,8,2
71.195.59.132,1,5,6,Government planned attack on village by causing food shortage in neighboring area.,52,1,5,8,4,2
108.40.56.72,1,4,6,Buildings and other structures were burned and as a result there was a shortage of food. This lead to the workers raiding another village and killing innocent people in order to get food for their village.,25,1,5,5,5,2
71.199.223.24,1,2,5,The government of a town became jealous of a flourishing town and made a failed attempted to completely tear it down.,24,1,1,5,5,2
64.254.163.0,1,5,7,The government deliberately caused a food shortage to create conflict; but it got out of hand and innocent people were killed.,21,2,1,4,8,2
66.66.86.75,1,7,3,Industrial workers raided a village to steal food and killed people after watching a news broadcast. The government didn't expect this.,,1,5,5,5,2
71.236.142.87,1,1,7,An Eastern European country's government wanted to start a war; so they tried to use industrial workers by destroying their country's food supply; and then telling them their targetted village had a lot of food to try and get the workers to attack that village.,26,1,5,4,8,2
70.148.226.205,1,1,7,The government decided to take control of the Shaki village;they burned their crops and destroyed their farm equipment. This did not work as there was plenty of food in the village.,63,2,5,2,7,2
72.210.71.173,1,3,5,A country's government used workers to carry out their plan to get revenge on the rich.,23,2,5,5,5,2
72.25.47.104,1,4,5,The government tried to take revenge out on the wealthy of a village.  It back-fired and another village suffered,61,1,5,5,6,2
96.246.179.163,1,5,7,The government provoked a war.,39,2,1,5,8,2
168.161.192.15,1,4,7,The government had a plan to secretly start a war using industrial workers in order to get revenge on wealthy citizens of Shaki.  Things did not go according to plan and innocent people got hurt and killed.,29,1,3,5,6,2
67.186.114.37,1,4,6,In order to get revenge on a rival village; the government of a country manipulated its industrial workers; the workers ended up raiding another village in rebellion and killed many innocent people.,22,2,2,4,6,2
76.107.245.238,1,5,6,The government wanted to use industrial workers to start a war against a wealthy village. The workers attacked another village.,23,1,5,2,8,2
174.140.69.208,1,3,6,A small Eastern European government wanted revenge on the Shaki Village. They; then; destroyed the village's food.  Soon after this; the group of industrial workers that the government used for revenged raided a neighbor village; stealing food and even killing people.  The government did not expect this.  ,25,1,1,4,7,2
24.179.113.254,1,6,7,The government of an eastern European country hatched the dumbest plan to incite a war ever.,28,2,5,5,8,2
98.77.144.174,1,1,4,Eastern european  had secretly plotted to start a war to get revenge on wealthy citizens of shaki village,21,2,1,4,5,2
108.160.196.73,1,7,7,The government set fire to machinery and food supply to a working class city so they could attack another city. Instead they attacked a neighboring city killing innocent people,25,1,2,3,7,2
66.87.105.195,1,5,2,,25,1,3,4,3,2
72.161.230.171,1,2,7,The government shut down industrial workers in the European country; hoping they'd attack a village; but instead they attacked on the opposite side of the country.,21,1,5,4,7,2
67.162.133.92,1,4,6,The government plotted for war on a certain village; and their plan backfired on them.,23,2,5,5,8,2
99.110.215.3,1,6,7,govt planned to make workers attack shaki by creating a food shortage.  the workers attached the closest foreign village instead,67,2,5,2,6,2
98.226.216.37,1,5,6,The government started a secret war using workers by starving them.  Instead the workers attacked another village and the government didn't plan on that.,30,2,5,5,3,2
75.66.83.78,1,5,5,The government decided to start a war. The food supplies were destroyed. The industrial workers raided another villege to steal food.,72,1,5,4,8,2
96.253.59.126,1,6,7,A government in Eastern Europe wanted to Start a war using industrial workers. There plan failed when the villagers raided a neighbouring village and killing innocent people,21,1,3,4,7,2
67.11.70.71,1,4,7,The government withheld food creating a shortage in the city. Then they told the people in the city that a village was hoarding food and the villagers were attacked and killed.,63,2,5,4,6,2
75.176.122.180,1,4,6,The government decided to set fire to machinery and farms to cause a food shortage. The industrial worker learning there's food in the Shaki village decided to attack it and kill innocent lives.,29,1,3,5,5,2
99.140.183.250,1,4,7,The governement disabled a Shaki village and were surprized when the hungry residents attacked the Nobi village to feed their children. ,72,2,5,6,8,2
98.252.129.110,1,4,7,A government used industrial workers to create an uprising against a wealthy village.  The plan backfired when the workers later attacked and ravaged an innocent village nearby.,30,2,1,5,7,2
76.107.176.39,1,2,6,The workers attacked a village for food because the government caused a famine,29,1,5,6,10,2
129.24.146.23,1,6,5,government created a food shortage.  Gave out information about a village hording food.  Workers attacked a different village.,54,2,5,8,3,2
50.11.124.66,1,3,5,A VILLAGE'S FOOD SUPPLY WAS DESTROYED.,27,2,5,4,6,2
67.181.18.88,1,3,7,The governemented a plan to get industrial workers to nattack a local village but it failed.,18,1,3,4,6,2
65.112.237.251,1,4,4,The government destroed farming equipment to force people in the city to go hungry.,53,2,5,3,4,2
24.18.237.249,1,2,7,Government destroys food in order to rile up workers to attack a certain wealthy village; but they attack a different village instead.,22,2,5,5,7,2
76.102.238.254,1,4,4,the plot to start a war using industrial workers w/c lead to lacking food ,51,1,3,4,5,2
76.6.24.5,1,5,7,The government wanted to get revenge on the wealthy people of the Shaki village so they caused an uprising with the industrial workers. Instead of attacking the village the government planned; the workers attacked another village for food and killed innocent people.,42,2,5,5,7,2
173.185.6.163,1,1,7,In the 1960s; a small government wanted to use industrial workers to take down the Shaki village.  The government attacked the Nobi village instead and raided their food supplies and killed innocent people.,50,2,5,4,6,2
172.2.146.225,1,6,6,Industrial workers were used to destroy food and equipment from a wealthy; nearby village.,55,2,5,4,8,2
184.79.66.122,1,5,5,the government caused a food shortage in Shaki. Industrial workers raided village of Nobi stealing food and killing. government plan failed.,65,1,5,5,9,2
74.197.33.123,1,7,7,an eastern european government tried to incite an action by one group of citizens on another and failed; the attacking group attacked a different group than the government wanted attacked,53,1,5,5,9,2
72.130.92.246,1,3,5,In 1960's the government of a small Eastern European country plotted to secretly start a war using industrial workers; in order to get revenge on the wealthy citizens of the Shaki village. ,22,1,2,5,8,2
76.27.212.144,1,5,7,The government wanted workers to attack a wealthy village; and set up conditions in which they thought they would. The workers ended up attacking a village the government did not anticipate.,27,1,5,5,7,2
76.206.216.214,1,1,7,A government wanted to punish a group of people but the plan backfired.,37,1,5,5,7,2
173.233.178.181,1,1,7,A government orchestrated events that went wrong.,27,2,5,2,9,2
71.176.135.206,1,1,7,The government planned to start a war using industrial workers in order to get revenge on the wealthy  citizens of a small village,35,1,5,5,5,2
173.44.138.234,1,6,6,The government of a country created conditions to cause workers to rise up against the enemies of the government. Unfortunately; the workers attacked a completely different group of people.,43,1,5,5,3,2
70.105.233.247,1,4,6,A war was started by invading a village destroying farms and machinery.,60,2,5,5,8,2
108.2.168.182,1,5,7,,,,,,,2
75.131.60.122,1,5,6,,,,,,,2
50.155.179.108,1,6,4,A small town was targeted by industrial workers for being too wealthy. ,23,1,5,4,5,2
173.50.98.21,1,5,6,The government starved out a city. Reports of a surplus caused workers to pillage a nearby town.,,,,,,2
99.159.208.174,1,2,4,,,,,,,2
142.197.254.100,1,4,7,,,,,,,2
63.247.1.2,1,4,6,,,,,,,2
63.138.112.195,1,4,4,,,,,,,2
69.246.148.122,1,5,7,,,,,,,2
172.1.120.218,1,5,6,The government wanted revenge on the wealthy from the Shaki village. To do so; the government decided to destroy food stores and machinery so that the industrial workers would rebel against the wealthy in the SHaki village after they hear that they have excess food supply.,18,1,3,2,8,2
174.24.60.200,1,1,7,,,,,,,2
71.176.135.206,1,1,7,The government destroyed food stores and farm machinery in order to start a war on the wealthy citizens of a part of there country.,,2,5,5,7,2
