IPAddress,startDate,endDate,Consent,MturkID,instrTime,Condition,Scenario,causeQuestion,time,Blame,Cause,mediateTime,AttnCheck,Age,Gender,Ethnicity,Ethnicity_TEXT,Education,SES,conditionText,questionText
108.251.89.24,4/9/2014 9:28,4/9/2014 9:31,1,A2E5ZHT6DQZ4E4,13.328,1,1,1,10.553,7,5,3.12,A woman's daughter has been diagnosed and treated for a deadly disease. The womanbroke into a doctors office to get medice for her daughter.,28,1,1,,4,10,Mother in law Manipulation,Made
173.20.57.57,4/9/2014 9:30,4/9/2014 9:32,1,AN9MVFWRCF2OP,2.065,1,1,0,28.101,6,6,6.199,Isabel's daughter must take medicine every day  but Isabel's mother-in-law has devised a plan to get custody of Isabel's granddaughter. Isabel breaks into a pharmacy and steals medicine.,23,1,5,,4,6,Mother in law Manipulation,Situ
50.46.141.246,4/9/2014 9:33,4/9/2014 9:35,1,A2E3TO92MCQ9XU,11.429,1,1,1,18.414,1,6,4.708,The mother-in-law threw the medicine away  so Isabel stole more.,35,1,5,,5,6,Mother in law Manipulation,Made
98.253.214.106,4/9/2014 9:38,4/9/2014 9:40,1,A3HNWWJXMDLM8L,2.514,1,1,1,40.066,5,3,4.76,Isabel's daughter needs meds to survive.  Isabel's mother-in-law throws these meds away.,28,1,5,,5,7,Mother in law Manipulation,Made
99.22.184.17,4/9/2014 9:39,4/9/2014 9:52,1,AYXIDCIGUA037,75.52,1,1,0,124.208,1,7,3.841,isabel's mother (in law?) wants custody of the daughter  and hid the child's meds  forcing Isabel to break into a doctors office for more.,45,1,5,,5,7,Mother in law Manipulation,Situ
173.84.146.6,4/9/2014 9:55,4/9/2014 9:58,1,A3SDGYQ2173SKH,6.871,1,1,1,42.13,6,5,6.043,Isabelle's daughter needs medicine to survive. The mother-in-law hate's Isabelle so she decideds to convince the daughter to steal medicine so she could get custody.,29,1,5,,5,6,Mother in law Manipulation,Made
72.241.153.12,4/9/2014 10:22,4/9/2014 10:25,1,AR9ZC60MDS2Q,11.597,1,1,1,41.552,6,3,5.765,Isabel has a child that requires medicine. Isabel's mother-in-law has design on the child and hatches a plan that would force Isabel to break into a doctor's office to steal medicine.,39,2,5,,5,10,Mother in law Manipulation,Made
69.23.96.250,4/9/2014 10:53,4/9/2014 10:56,1,A1UV4RVU0T86DF,4.175,1,1,1,30.831,2,5,5.114,isabel's mother threw out the childs medicine and the mother stole some.,40,1,5,,2,9,Mother in law Manipulation,Made
172.56.1.110,4/9/2014 11:15,4/9/2014 11:20,1,AKYZ8GMZVCIIV,6.831,1,1,0,35.932,1,7,9.871,Isabel's mother-in-law devised a plan so that way she would get caught stealing medication and lose custody of her child.,21,2,1,,4,7,Mother in law Manipulation,Situ
50.129.18.234,4/9/2014 11:33,4/9/2014 11:35,1,A1GOJEDZM2CQTN,1.266,1,1,1,28.727,7,7,3.714,A lady forced another to do something illegal.,26,1,5,,4,8,Mother in law Manipulation,Made
24.164.7.156,4/9/2014 12:00,4/9/2014 12:03,1,A2J4VO1NNL3GT8,5.01,1,1,0,24.821,3,6,7.036,Isabel has a very sick child who requires medicine  and her mother-in-law intentionally threw it away to force Isabel to steal medicine. Her mother-in-law wants custody of her daughter. Isabel broke into the doctor's office to get more medicine  as they were closed for a holiday.,22,2,5,,5,6,Mother in law Manipulation,Situ
172.56.10.239,4/9/2014 12:15,4/9/2014 12:22,1,A2RKEMN40D2ERY,3.06,1,1,0,72.25,6,5,11.91,isabels daughter needs medicine every day  her mothing in law threw away the medicne and isabell broke into dr office to get some,43,1,5,,4,4,Mother in law Manipulation,Situ
64.147.42.168,4/9/2014 12:38,4/9/2014 12:42,1,AAT1C3DBIYJRX,11.067,1,1,0,50.376,6,7,8.178,Isabel's daughter needs medicine but her mother-in-law throws away her medicine in hopes of getting custory of Isabel's daughter.  Isabel breaks into the doctor's office because it is closed in order to steal the medicine for her daughter.,25,1,5,,5,3,Mother in law Manipulation,Situ
71.58.70.117,4/9/2014 13:03,4/9/2014 13:06,1,ARR3UJTM2ZGK4,8.81,1,1,0,42.615,5,7,8.065,Isabelle steals medicine for her sick daughter because her mother-in-law stole all of her medicine  hoping Isabelle would steal it so she could get custody of Isabelle's daughter,51,2,5,,5,5,Mother in law Manipulation,Situ
162.193.163.85,4/9/2014 14:04,4/9/2014 14:09,1,A166A2M31CW2C7,0.09,1,1,0,195.115,5,6,4.462,someone planned to get custody by forcing the mother to break into a pharmacy to steal their child's medicine because they were out,25,1,5,,2,8,Mother in law Manipulation,Situ
216.227.9.145,4/9/2014 15:15,4/9/2014 15:18,1,A3BI0AX5T5GVO3,1.119,1,1,1,63.384,1,7,4.808,The mother-in-law despises Isabelle's mother and plans to get custody. The mother-in-law forces Isabelle to steal the medicine in the Doctor's Office after they broke through a window.,21,2,5,,4,5,Mother in law Manipulation,Made
75.102.220.107,4/9/2014 16:09,4/9/2014 16:12,1,A3VQTDZIGC2F0K,3.057,1,1,1,19.966,1,7,3.9,The mother  Isabel  was forced to steal medication for her very sick child because her mother threw away the child's medication. The doctors office was closed so she could not get another prescription and was forced to steal.,19,1,5,,4,4,Mother in law Manipulation,Made
24.99.69.161,4/9/2014 17:59,4/9/2014 18:00,1,AOPZSU77ONJXS,1.634,1,1,1,17.032,1,7,2.88,Isabel's daughter needs medicine. Isabel's mother in law is a bitch  and hatched a plan to make Isabel steal medicine. It worked. ,29,1,5,,5,7,Mother in law Manipulation,Made
71.87.95.236,4/9/2014 18:48,4/9/2014 18:51,1,A3EH26LZGAXHGX,0.842,1,1,0,21.68,5,6,3.331,Isabel's daughter had diesase that makes her need medication  Isabel's mother-in-law dosen't like Isabel  so she throws away her grandaughter's medicine. Isabel's panics and goes to doctor's office  which is closed and breaks in to steal her daughter's medicine.,30,1,5,,2,6,Mother in law Manipulation,Situ
107.139.25.117,4/9/2014 19:47,4/9/2014 19:51,1,A2DZAKIE1THA2I,7.165,1,1,0,44.821,4,4,33.407,Daughter runs out of medicine and has to break in,25,1,5,,5,8,Mother in law Manipulation,Situ
68.189.161.60,4/9/2014 19:49,4/9/2014 19:52,1,A4RMK9LD7UJP6,3.349,1,1,1,58.015,3,5,4.907,isabel's daughter needs daily medicine. Her mother in law  who doesnt like Isabel  threw away the medicine in order to get custody of the daughter. Isabel had to break in a doctors office in desparation.,38,1,5,,5,7,Mother in law Manipulation,Made
128.95.213.82,4/9/2014 19:53,4/9/2014 19:56,1,AENW881YO2H8S,2.605,1,1,1,28.289,2,5,34.748,Stepmother doesn't like stepdaughter and hatches a plan to get her info trouble involving her daughter and life-savings medications.,30,2,5,,5,8,Mother in law Manipulation,Made
76.173.163.7,4/9/2014 20:03,4/9/2014 20:07,1,A1K9GC497PIST7,5.483,1,1,0,57.608,5,7,11.977,Isabel was forced still medicine for her daughter because her supply was gone. Her mother-in-law was very wicked and discarded the medicine that Isabel needed for her daughter.,29,1,1,,4,4,Mother in law Manipulation,Situ
173.25.194.110,4/9/2014 20:06,4/9/2014 20:08,1,A19RUEYADULHZN,2.583,1,1,1,69.543,1,6,3.469,The mother in law got rid of the medicine. The mother broke in to a place to steal the medicine.,21,2,5,,5,5,Mother in law Manipulation,Made
184.78.242.75,4/9/2014 20:06,4/9/2014 20:10,1,AUTE7HAZ4RAPR,30.086,1,1,0,44.867,3,7,8.714,Isabel's daughter needs medicine everyday. Isabel's mother in law steals and throws away the medicine in hopes of getting custody of the granddaughter. Isabel stole medicine because she had no other options.,23,2,5,,5,5,Mother in law Manipulation,Situ
76.171.36.25,4/9/2014 20:14,4/9/2014 20:17,1,AEIJ7NNXMBQ45,3.253,1,1,1,22.425,1,7,6.681,Isabel's daughter needs medicene daily for her condition. Isabel's Mother in law threw out the girl's medication making Isabel desperate enough to steal.,31,2,5,,4,7,Mother in law Manipulation,Made
70.183.192.60,4/9/2014 20:17,4/9/2014 20:19,1,A123F7829DTAYZ,2.334,1,1,0,38.328,5,7,3.919,isabels mom threw away medicine so she could not give her daughter any. this caused her to steal medicine and take custody of her granddaughter,22,,5,,5,6,Mother in law Manipulation,Situ
174.101.49.180,4/9/2014 20:27,4/9/2014 20:30,1,A32CMQGGTSUK6Z,1.227,1,1,1,20.197,6,6,4.472,"Mother had intention of gaining custody of daughter in law's child be taking all of the child's medication and ""forcing"" the daughter in law to steal from a doctor's office.",28,1,5,,5,5,Mother in law Manipulation,Made
74.4.53.136,4/9/2014 20:29,4/9/2014 20:32,1,AWRMHUCV3KAW9,6.661,1,1,0,43.083,2,7,5.424,Isabel's daughter was very sick and needed to take important medicine daily.  Isabel's mother-in-law doesn't like her and throws away the medicine to get Isabel to steal the medicine so Isabel gets in trouble.  Isabel notices there is no medicine left.  Since the doctor's office is closed  she steals the medicine.,34,2,5,,3,7,Mother in law Manipulation,Situ
67.191.111.29,4/9/2014 20:33,4/9/2014 20:35,1,A2D2PAD9XLZ1TC,4.525,1,1,1,33.332,2,7,3.611,Isabela's kid has a disease that requires meds for his to survive.  In-law got rid of the medicine and forced Isabella to take extreme and illegal measures.,45,1,5,,2,5,Mother in law Manipulation,Made
144.26.117.20,4/9/2014 20:39,4/9/2014 20:42,1,A261LKQDJVE13A,7.573,1,1,0,38.418,7,7,13.766,Isabel's mother in law is terrible and wants custody of her grand daughter.  She sets up a scenario where Isabel must steal life saving medication in order to obtain custody of the baby.,25,1,5,,5,4,Mother in law Manipulation,Situ
130.212.18.245,4/9/2014 20:41,4/9/2014 20:47,1,A3PYB8Z6FFWSOV,3.203,1,1,1,149.969,2,4,6.785,Isabel's daughter needs a type of medicine. Isabel's mother-in-law throws the medicine away and in desperation  Isabel breaks into the doctor's office to steal the medicine.,24,2,3,,4,10,Mother in law Manipulation,Made
71.238.76.45,4/9/2014 20:45,4/9/2014 20:50,1,A3EO5VVUS6CC9B,5.43,1,1,0,26.137,5,7,11.733,Isabel's mother-in-law wants to take  her child so she threw away the child's medicine.  Not being able to afford more caused Isabel to steal from the doctor's office.,29,2,1,,4,7,Mother in law Manipulation,Situ
170.75.32.5,4/9/2014 20:47,4/9/2014 20:50,1,A1VNSA0FMW3AJZ,26.068,1,1,1,35.577,7,2,4.632,A woman's daughter needs medication everyday and her mother in law wants custody of said daughter. Mother in law throws away the medication and the mother breaks into the doctor's office to steal someone else's medication.,31,2,5,,5,8,Mother in law Manipulation,Made
66.211.208.92,4/9/2014 20:53,4/9/2014 20:57,1,A22DP0ST9DWG9O,5.734,1,1,0,32.757,5,7,6.389,Isabel's mother-in-law stole her daughters life sustaining medication forcing her to steal some from her doctor's office.  She did this in the hopes of gaining custody of Isabel's daughter. ,37,1,5,,5,9,Mother in law Manipulation,Situ
74.96.140.98,4/9/2014 21:07,4/9/2014 21:10,1,AE0CQ0WI9GTR5,1.569,1,1,1,34.063,5,6,7.207,Isabel's daughter needed medicine daily. The mother in-law stole some of the medicine to help get custody of her granddaughter. When Isabel realized medicine was gone she panicked and stole medicine from the closed doctor's office. ,29,2,5,,6,6,Mother in law Manipulation,Made
108.2.143.20,4/9/2014 21:13,4/9/2014 21:15,1,A3J2KISKN3VSBP,1.551,1,1,0,24.223,1,7,2.965,Isabel's daughter has a rare disease and must take medicine administered by Isabel every day. Isabel's mother-in-law plotted against Isabel by throwing away the medicine  forcing Isabel to steal more medicine.,24,2,5,,5,5,Mother in law Manipulation,Situ
50.151.130.155,4/9/2014 21:24,4/9/2014 21:26,1,A22SNAMBBLKMW7,3.605,1,1,1,23.38,2,7,3.424,The mother-in-law of Isabel is evil. Isabel steals medicine as a result.,23,2,3,,5,5,Mother in law Manipulation,Made
67.41.86.40,4/9/2014 21:25,4/9/2014 21:28,1,A3NMKKQ5RCMW0K,2.332,1,1,0,43.819,1,7,5.968,Isabel's mother in law is a horrible person who should be shot.,30,2,5,,5,7,Mother in law Manipulation,Situ
97.102.155.99,4/9/2014 9:32,4/9/2014 9:36,1,A3862RIFFUV141,2.15,0,1,1,28.896,5,5,37.99,A woman steals important medicine for her daughter after her mother-in-law accidentally throws it away.,43,1,5,,4,8,Mother in law No Manipulation,Made
50.159.18.116,4/9/2014 9:29,4/9/2014 9:36,1,A27LGC4MU1R7PQ,2.29,0,1,0,353.558,4,4,8.042,Isabel's daughter has to take medicine daily to treat an otherwise fatal disease. When her mother in law accidentally throws out the medicine  Isabel breaks into the doctor's office and unwittingly steals another child's medicine for her daughter.,24,1,5,,5,8,Mother in law No Manipulation,Situ
74.242.73.116,4/9/2014 9:39,4/9/2014 9:43,1,A3SI83QHG0L2P1,4.418,0,1,0,29.901,6,6,13.271,Isabella had to break into a doctor's office to retrieve critical medicine for her daughter after her mother-in-law inadvertently threw it away.,55,2,5,,5,8,Mother in law No Manipulation,Situ
66.194.51.226,4/9/2014 9:51,4/9/2014 9:55,1,A2EEUQ0YY2XIU,1.756,0,1,0,25.641,5,6,5.912,Isabelle's medicine was thrown away and her grandmother had to break into a doctor's office to get more. ,42,1,4,,4,6,Mother in law No Manipulation,Situ
208.100.40.49,4/9/2014 10:06,4/9/2014 10:12,1,AS2WTWYVRW9BV,1.539,0,1,0,26.812,3,7,4.666,the medicine had to be stolen since the pharmacy and dr office were closed,36,1,5,,2,4,Mother in law No Manipulation,Situ
68.226.60.25,4/9/2014 10:25,4/9/2014 10:28,1,A1FCOYD9W280QC,1.532,0,1,0,22.887,3,7,4.184,Isobel's daughter was taking medicine she needed to survive. Her mother-in-law accidentally threw it away. Isobel was not able to get more from the doctor because the office was closed  so she broke in and stole medicine prescribed for another child.,32,2,5,,8,6,Mother in law No Manipulation,Situ
108.84.109.95,4/9/2014 10:45,4/9/2014 10:47,1,AUJYDLLP0JMMF,6.383,0,1,0,17.608,3,7,6.326,The daughter ran out of medication because it was accidentally thrown away. The mother had to break into the doctor's office to get more.,35,1,5,,5,5,Mother in law No Manipulation,Situ
50.32.69.9,4/9/2014 11:26,4/9/2014 11:32,1,A1DK836V92J78C,14.93,0,1,1,65.015,6,7,29.323,Isabel's daughter requires medicine to live  but her grandmother threw it away  so Isabel broke into a doctor's office and stole the medicine.,40,1,5,,1,9,Mother in law No Manipulation,Made
50.148.106.33,4/9/2014 11:31,4/9/2014 11:33,1,A9VYFZZS0EW0U,1.127,0,1,0,34.744,4,5,5.388,The grandmother threw away medicine that was needed and the mother had to break in to a doctor and steal the medicine because they were closed.,56,2,5,,5,4,Mother in law No Manipulation,Situ
98.253.80.76,4/9/2014 12:03,4/9/2014 12:06,1,A1Z7WFX7KV4JHD,2.77,0,1,1,36.463,5,1,4.622,Isabel's daughter needs medicine to survive. Her mother-in-law accidently threw it away  so Isabel stole some from the doctor's office.,32,1,5,,5,7,Mother in law No Manipulation,Made
73.48.224.241,4/9/2014 12:48,4/9/2014 12:50,1,AG6C6WZ1K04J0,4.848,0,1,1,27.591,2,2,4.165,the daughter needed medicine and the mother broke in during a holiday to get it.,32,1,5,,5,4,Mother in law No Manipulation,Made
83.233.218.246,4/9/2014 13:16,4/9/2014 13:19,1,A1A6QWWGNGUGEN,2.681,0,1,1,19.648,5,3,5.199,Isabel has a disease that requires her to take medicine every day  but her mother-in-law does not know about this. The mother-in-law throws away her medicine without realizing how important it is and Isabel's mother breaks into the doctor's office and steals the same medication that was meant for another child.,19,2,5,,2,7,Mother in law No Manipulation,Made
69.248.48.149,4/9/2014 13:54,4/9/2014 13:59,1,A2QHK3FRFCEDBJ,28.61,0,1,1,43.92,5,2,8.766,Little girl needs meds to live  mother in law does not know this and throws out the meds. Mother breaks in to doctors office to get the meds. ,30,1,5,,2,6,Mother in law No Manipulation,Made
208.163.129.201,4/9/2014 14:35,4/9/2014 14:39,1,A1D3CN5ZK0O04S,3.114,0,1,0,41.893,1,7,6.062,Isabel's mother in law threw away the medicine that Isabel's daughter needed to pretty much survive. Isabel paniced and broke into the clinic and stole another child's medicine.,21,2,1,,4,9,Mother in law No Manipulation,Situ
76.112.255.118,4/9/2014 16:14,4/9/2014 16:16,1,A3Q1A1ENV7F8V4,2.363,0,1,0,37.638,4,7,5.088,Isabel has a daughter who needs medicine to survive. She broke into a doctor's office to get the medicine.,27,2,5,,4,6,Mother in law No Manipulation,Situ
107.185.97.73,4/9/2014 17:15,4/9/2014 17:21,1,A1A13DW7P0TSX2,1.744,0,1,0,49.77,4,7,11.292,Isabels mother in law threw out Isabels daughters medication causing Isabel to brake into the doctors office to get more medication for her daughter.,21,2,5,,4,8,Mother in law No Manipulation,Situ
99.91.220.93,4/9/2014 19:17,4/9/2014 19:20,1,A1O8VYPPINGI8V,6.43,0,1,1,35.919,7,1,4.465,Isabel needs medicine  the mother-in-law acidently throws it away. The mother breaks in to the doctors office to get more because it was closed.,21,1,5,,4,8,Mother in law No Manipulation,Made
72.193.17.61,4/9/2014 19:41,4/9/2014 19:43,1,AKQO0F9NFRMYT,4.268,0,1,1,23.067,3,5,4.006,the mother in law threw out meds that isables child needed and she broke into the dr.s to get it.,24,1,5,,2,9,Mother in law No Manipulation,Made
71.47.29.173,4/9/2014 19:52,4/9/2014 19:55,1,A2DQ38XP59N0P7,3.662,0,1,0,46.338,2,7,5.432,Isabel's daughter has a rare disease in which she needs to take a medicine daily to survive. Her mother in law is unaware of this an accidently throws out the medicine  this leads to Isabel breaking into a daughters office to attain the medicine for her child.,30,2,1,,5,3,Mother in law No Manipulation,Situ
166.216.157.27,4/9/2014 19:53,4/9/2014 19:56,1,A20V093N43Q062,2.144,0,1,0,17.057,1,7,10.721,Daughter runs out of medicine because it got thrown away. Mom breaks into the closed drs office to steal it. She had to have it ,31,1,5,,4,6,Mother in law No Manipulation,Situ
75.186.17.140,4/9/2014 19:56,4/9/2014 19:58,1,A256FHXGSY0E5D,3.487,0,1,1,10.907,5,1,3.04,Mother's mother-in-law threw away daughters medicine  Mother broke into doctors because they were closed and stole the medicine her daughter needed to live.,30,1,5,,4,9,Mother in law No Manipulation,Made
71.135.39.7,4/9/2014 19:59,4/9/2014 20:01,1,AI258R8HU53PT,1.539,0,1,1,29.511,7,1,4.314,Isabel has a daughter that needs to take medicine everyday. The mother-in-law doesn't know this and trashes the medicine which compelled Isabel to break into the doctor's office to steal another kid's medicine.,24,1,3,,5,3,Mother in law No Manipulation,Made
192.80.1.149,4/9/2014 20:01,4/9/2014 20:04,1,A1GEJHBBGGV1F,3.804,0,1,0,21.414,5,7,8.389,mother has sick daughter  mother in law threw medicine away. mother broke into dr's office to get medicine,40,2,5,,6,5,Mother in law No Manipulation,Situ
24.164.7.156,4/9/2014 20:03,4/9/2014 20:05,1,A3OQAXU3STYCI9,3.719,0,1,0,50.672,5,5,5.979,Isabel broke into a doctor's office and stole medicine because her mother threw away her daughter's prescription and Isabel thought there was no other way to obtain the medicine.,29,1,5,,5,8,Mother in law No Manipulation,Situ
108.51.54.249,4/9/2014 20:04,4/9/2014 20:06,1,A2QY5XH974RBLZ,2.638,0,1,1,17.623,6,1,8.434,Medicine was needed by a child to survive. It was unknowingly thrown out and had to be stolen so the child could live,22,1,5,,5,5,Mother in law No Manipulation,Made
69.23.62.185,4/9/2014 20:09,4/9/2014 20:12,1,A1540711VBZP6H,8.673,0,1,1,21.976,4,2,6.357,Isabel's daughter needs medicine to live. Her grandma threw it away. Isabel stole medicine for her daughter because she was afraid she would die. ,26,2,3,,6,8,Mother in law No Manipulation,Made
71.87.63.94,4/9/2014 20:13,4/9/2014 20:15,1,A1NQWTNVPGU1ZV,2.867,0,1,0,22.148,5,7,4.675,Isabel's mother threw away her daughter's medicine which she needs to survive.,26,1,5,,4,8,Mother in law No Manipulation,Situ
68.62.197.145,4/9/2014 20:17,4/9/2014 20:21,1,A2DMYS1TO6ZAI1,8.294,0,1,1,57.261,1,3,6.731,Isabel's daughter has a disease that will kill her if she doesn't take medication. Isabel's mother-in-law threw away the medication by accident  so Isabel stole it from a closed doctors office.,23,1,5,,5,6,Mother in law No Manipulation,Made
71.197.43.251,4/9/2014 20:22,4/9/2014 20:25,1,A1VCAMP3XM62R4,4.641,0,1,0,28.156,5,7,11.521,Girl's daughter needed medicine. Medicine was thrown away accidentally  and doctors office was closed. So she broke in to get medicine.,31,1,5,,2,7,Mother in law No Manipulation,Situ
108.213.156.95,4/9/2014 20:31,4/9/2014 20:33,1,A1DJK2BUZBJR8I,2.101,0,1,1,37.082,4,4,3.62,the mother threw away her dauthers pill without realizing she needs them to live,24,1,2,,2,9,Mother in law No Manipulation,Made
73.50.26.17,4/9/2014 20:37,4/9/2014 20:39,1,A395MYCA9M7KGF,0.941,0,1,0,33.005,3,6,5.614,Isabel need medicine otherwise she can not survive her mother in law throws away her medicine and her month goes to the doctors breaks in and steals the medicine Isabel needs.,25,1,5,,5,7,Mother in law No Manipulation,Situ
207.38.151.179,4/9/2014 20:42,4/9/2014 20:45,1,A3HTQMT301GPAD,4.818,0,1,1,21.349,5,3,5.731,Isabel's daughter needs medication to survive  but the grandmother threw it out. Isabel ended up stealing the medicine to help her daughter.,21,2,3,,4,5,Mother in law No Manipulation,Made
108.221.193.196,4/9/2014 20:44,4/9/2014 20:46,1,AQDP0GD2B2K5,5.789,0,1,0,35.919,7,7,9.538,Isabel's mother in law threw away her daughter's medication that was needed for her survival. As a result  Isabel broke into the doctor's office and stole someone else's medicine,32,2,5,,5,5,Mother in law No Manipulation,Situ
74.138.12.130,4/9/2014 20:53,4/9/2014 20:57,1,AVCLG9XDXN0JV,11.749,0,1,1,69.34,2,1,15.664,Isabel mother in law accidently through away her medicine that she needs to survive. Since the doctor office was closed she broke in to get medicine for her daughter ,36,2,1,,6,6,Mother in law No Manipulation,Made
68.181.254.13,4/9/2014 21:01,4/9/2014 21:02,1,A2359YG3YH3M31,2.595,0,1,1,9.12,1,2,2.839,threw away medication that was essentially  had to break into doctors office for new meds,23,1,5,,2,8,Mother in law No Manipulation,Made
184.153.229.91,4/9/2014 21:03,4/9/2014 21:05,1,ANIRTJBXLLWKY,2.047,0,1,0,23.771,3,6,5.591,Isabel has a daughter that needs daily doses of medicine to survive. When the medicine was accidentally disposed of  Isabel had to break into the doctor's office to get more.,39,1,5,,6,6,Mother in law No Manipulation,Situ
72.220.27.112,4/9/2014 21:18,4/9/2014 21:21,1,A2TLYMTFPCZVMM,4.219,0,1,1,37.37,6,5,5.604,Isabel broke into a doctor's office to steal medicine for her daughter. Her daughter's life depended on it.,28,1,2,,4,8,Mother in law No Manipulation,Made
96.247.34.226,4/9/2014 21:18,4/9/2014 21:25,1,A218S9QMWS15U,25.386,0,1,0,76.707,7,4,26.754,Isabelle's daughter needs medicine daily to treat a rare disease and when her grandmother threw the medicine away  Isabelle panicked  broke into closed doctor's office and stole some medicine.,54,2,5,,4,6,Mother in law No Manipulation,Situ
129.118.94.17,4/9/2014 9:27,4/9/2014 9:31,1,A3N046BQO97J2E,11.342,1,2,0,59.615,6,7,11.664,Mike was really to blame  but since Thad was trapped by a lack of steel braces supply and the availability of the newer braces that Mike provided  Thad is blamed for the worker's injury and one death when the faulty braces collapse the new part of his mine. It was all part of Mike's plan to take out his competition.,34,2,5,,5,8,Mining Collapse Manipulation,Situ
68.74.184.198,4/9/2014 9:30,4/9/2014 9:41,1,ANPCXN619ACW9,185.139,1,2,0,70.584,4,5,7.754,Mike bought all the steel braces so there wouldn't be anymore for Thad. The mine collapses and someone dies.,24,2,5,,4,5,Mining Collapse Manipulation,Situ
12.205.252.88,4/9/2014 9:39,4/9/2014 9:42,1,A3NN9144OLETQP,13.066,1,2,1,69.282,7,7,3.692,Mike wanted to run Thad out of business. He gave Thad weak braces to use in his mine  which resulted in a collapse.,25,1,5,,5,7,Mining Collapse Manipulation,Made
68.185.131.120,4/9/2014 9:40,4/9/2014 9:43,1,A2XXE5GZ5IL2DN,3.117,1,2,0,70.025,2,6,9.334,Mike tried to get Thad to use unstable braces in his mine in order to put him out of business. Mike bought all of the steel braces available so that Thad would have no choice but to use the experimental braces.,35,1,5,,2,8,Mining Collapse Manipulation,Situ
66.176.52.29,4/9/2014 9:58,4/9/2014 10:01,1,A2Q7KP4H6O4P9X,4.464,1,2,0,50.453,5,6,5.447,Mike wanted Thad out of the mining business  so he set it up so that Thad had to use inferior bracing materials. The material deteriorated  and Thad's mine collapsed  injuring many and killing one.,26,1,5,,3,8,Mining Collapse Manipulation,Situ
173.185.215.58,4/9/2014 10:19,4/9/2014 10:23,1,A1KZ6I92SWIN75,8.816,1,2,1,90.504,3,5,3.975,Mike and Thad own mines and Mike wants Thad's mine to fail  so he suggests bracers that deteriorate easily.  Thad uses the bracers and his mine collapses.  Mike is happy.,32,2,5,,4,8,Mining Collapse Manipulation,Made
71.233.142.52,4/9/2014 10:37,4/9/2014 10:43,1,A347BIKLDRUUXM,9.102,1,2,1,91.792,2,7,10.839,Mike and Thad both had a mining company near by  and Mike was eager to expand his business and make more money. He decides to try to out his competition (Thad) by suggesting he use a material to help support the structure of the mine  knowing full well that the material deteriorates with moisture - which Thad's mine has a lot of. He forces That to use this material and the result was a destroyed mine and injured workers.,26,1,5,,2,8,Mining Collapse Manipulation,Made
50.45.16.243,4/9/2014 11:07,4/9/2014 11:11,1,A12ZB13IA3SB6U,5.389,1,2,0,103.03,3,7,22.764,Mike is trying to run other miners out of business.  He tells Thad about a new cheaper and quicker material to help support the mines  but they deteriorate quickly.  Mike buys all the steel so Thad has no choice in what to buy.,28,2,5,,4,8,Mining Collapse Manipulation,Situ
24.227.24.138,4/9/2014 11:26,4/9/2014 11:29,1,AQ7CDJXI2LFL5,12.208,1,2,1,63.389,5,7,4.748,Mike is an immoral sociopath that tricked Thad into using inferior hardware so he Thad could go out of business.,24,1,2,,4,7,Mining Collapse Manipulation,Made
174.63.151.104,4/9/2014 11:32,4/9/2014 11:37,1,A3GZLLM0Y15DQF,5.577,1,2,1,76.997,1,1,7.032,Mike wanted Thad to go out of business. He worked things out so that the only supplies that Thad could buy at the time were poor quality  resulting in death and the closing of Thad's mine.,53,1,5,,4,6,Mining Collapse Manipulation,Made
24.126.26.223,4/9/2014 11:55,4/9/2014 11:58,1,A5WT9A94RVBYP,0.819,1,2,0,62.775,5,6,5.846,Mike was a son of a bitch who lied to Thad about the durability and strength of new braces then purchased all the steel braces so Thad couldn't purchase any. Thad ultimately tried out the new braces  which sucked since afterward his mine collapsed and several workers were injured  with one casualty.,29,1,5,,3,7,Mining Collapse Manipulation,Situ
74.76.210.124,4/9/2014 12:18,4/9/2014 12:23,1,A23QCUF4E7KM8G,6.963,1,2,0,134.056,4,7,20.315,Mike considers Thad a younger brother. Mike deceives Thad into a failing move for his mine  and goes out of business.,23,1,5,,2,3,Mining Collapse Manipulation,Situ
98.212.3.157,4/9/2014 12:32,4/9/2014 12:36,1,A37L0IHMRJRZYC,6.972,1,2,0,48.547,1,5,57.548,Mike and Thad both owned mines. Mike wanted the most money from mining so he sabotaged Thad's mine and people ended up getting injured and dying. ,25,2,5,,5,7,Mining Collapse Manipulation,Situ
35.2.175.40,4/9/2014 13:15,4/9/2014 13:19,1,A21QOI1UW1IZEE,3.711,1,2,0,58.06,4,5,3.99,Mike wanted to put Thad's new mine out of business  so he sabotaged it by creating a situation where Thad was likely to use unstable braces to fortify his mine. The mine collapsed and was shut down permanently.,22,1,3,,4,5,Mining Collapse Manipulation,Situ
67.177.53.53,4/9/2014 14:07,4/9/2014 14:09,1,AQ7RNVB2GZKUZ,7.274,1,2,0,47.7,7,7,5.306,Mike wanted Thad to go out of business so he set up a situation where's he'd had to use unsage materials. Then the mine collapsed.,31,2,5,,4,6,Mining Collapse Manipulation,Situ
173.75.0.132,4/9/2014 15:47,4/9/2014 15:52,1,A3OCBPXIEIWOHV,4.46,1,2,0,64.592,5,7,7.858,Mike is a rotten friend and person and set a series of events into action that killed and injured innocent people.,36,2,5,,5,7,Mining Collapse Manipulation,Situ
50.157.100.206,4/9/2014 17:26,4/9/2014 17:29,1,A1L2N1X8U8Z3W7,2.772,1,2,0,43.024,3,7,50.256,Mike had a mine and wanted to put other mines out of business.  He bought out all the steel and forced Thad to use the unsafe materials because he wanted to put him out of business.,26,2,5,,4,4,Mining Collapse Manipulation,Situ
71.87.95.236,4/9/2014 18:44,4/9/2014 18:47,1,A9ML82UBUIZWK,3.394,1,2,0,50.849,1,7,5.927,A guy named Mike owned a mine  he had a plan to get bigger bussniess. He confused and forced another mine owner  Thad into buying bad braces  and his mine collapes.,33,2,5,,2,7,Mining Collapse Manipulation,Situ
107.139.25.117,4/9/2014 19:47,4/9/2014 19:51,1,A3RO17UKZ723P8,17.71,1,2,0,43.865,4,3,39.845,Mike wanted to destroy the other mining company,24,1,5,,5,8,Mining Collapse Manipulation,Situ
68.53.99.239,4/9/2014 19:57,4/9/2014 19:59,1,A2OLVF6P86QSQJ,0.896,1,2,0,42.048,1,7,5.198,Mike offered Thad bad braces under the guise of good advice. Mike then bought up all of the steel  forcing Thad to use the substandard braces and injuring his employees.,28,1,5,,6,4,Mining Collapse Manipulation,Situ
76.217.135.24,4/9/2014 19:55,4/9/2014 20:01,1,A1JE3G5ZXGCGTD,9.86,1,2,0,121.438,5,7,23.278,Mike tried to get Thad to use his crappy materials so his mine would collapse. When Thad decided to use real steel instead Mike went and bought it all up so Thad couldnt,55,,5,,4,5,Mining Collapse Manipulation,Situ
204.62.13.212,4/9/2014 20:01,4/9/2014 20:07,1,A3LI0O659I8GFX,61.954,1,2,1,221.482,5,3,3.651,mike told thad to use the new material knowing that it collapses when there's a lot of moisture. mike buys all the steel bracers forcing thad to use the new material,26,1,5,,4,5,Mining Collapse Manipulation,Made
69.141.193.64,4/9/2014 20:02,4/9/2014 20:07,1, A2D1XUWIB38AOT,6.54,1,2,1,98.224,5,7,5.197,Mike tricked Thad into using a material that would deteriorate with moisture. Thad used the material when left with no other choice and his workers were injured and one died.,23,2,2,,5,6,Mining Collapse Manipulation,Made
204.87.167.69,4/9/2014 20:07,4/9/2014 20:09,1,A1QRGVE005067Q,1.36,1,2,1,56.964,5,1,2.907,mike convinced thad to use not very safe materials for his mine and it collapsed and killed/injured workers,25,1,5,,3,7,Mining Collapse Manipulation,Made
75.174.51.152,4/9/2014 20:12,4/9/2014 20:15,1,A2MCRVU8I9VNHG,1.829,1,2,0,68.292,2,6,7.833,Mike contrives to cajole then force Thad to use unsafe bracing materials in Thad's mine  which causes injuries and one death. Mike did this to try to put Thad's mine out of business.,36,1,5,,2,9,Mining Collapse Manipulation,Situ
74.44.89.87,4/9/2014 20:16,4/9/2014 20:20,1,A3QVRKBAO0OQAA,1.399,1,2,1,63.813,5,5,3.948,Mike owns a mining business and wants Thad  another mining business owner  to go out of business. He manipulates Thad into using inferior material in his mine. The material breaks down  the mine collapses  and Thad is out of business.,22,2,5,,5,7,Mining Collapse Manipulation,Made
65.184.132.231,4/9/2014 20:23,4/9/2014 20:26,1,A1737IHTKAREZ1,2.766,1,2,1,40.421,3,5,6.499,Mike indirectly sabotaged thad's mining beams.,24,1,5,,4,4,Mining Collapse Manipulation,Made
67.209.23.244,4/9/2014 20:33,4/9/2014 20:36,1,A3MMLCBV2W3BP9,3.801,1,2,1,78.114,1,7,6.127,Mike  a mine owner  tricks Thad into using faulty braces in his mine  killing one worker and injuring several others. Mike profits.,25,1,5,,2,10,Mining Collapse Manipulation,Made
108.39.189.14,4/9/2014 20:39,4/9/2014 20:45,1,A3K47KZUPC5A38,7.985,1,2,0,101.485,5,5,17.3,Mike wants to help the mining business he owns by sabotaging competing minig businesses. Mikes plan succeeds and Thad's mine collapses.,21,1,5,,4,5,Mining Collapse Manipulation,Situ
108.228.213.89,4/9/2014 20:46,4/9/2014 20:51,1,A1KQW7DL4EMXUR,11.293,1,2,1,61.026,1,6,18.452,Mike owns a small mining company  and in order to put his competitor Thad out of business and grow his own company  he has lied to Thad that he has a new material for bracing mines that is better than steel and which he Thad can use  but which in reality deteriorates easily  and has bought all the steel bracers in order to force Thad to use them.,22,1,5,,2,10,Mining Collapse Manipulation,Made
75.65.249.158,4/9/2014 21:00,4/9/2014 21:03,1, A3A6PPZ2EJTW6L,4.003,1,2,1,56.476,7,6,6.088,Thad used the unsafe braces because mike bought all the good (though more expensive) braces  causing Thad's mine to collapse and kill a worker.,23,1,5,,5,4,Mining Collapse Manipulation,Made
71.182.176.195,4/9/2014 21:09,4/9/2014 21:14,1,AHUMMC8M678RP,80.275,1,2,0,65.901,5,5,11.832,Mike tricked Thad into using unsafe braces so that Thad's mine would fail and Mike would eliminate a competitor.,28,1,5,,4,9,Mining Collapse Manipulation,Situ
198.21.242.88,4/9/2014 21:17,4/9/2014 21:21,1,A2P8N5E8B1RYWE,4.792,1,2,1,64.871,5,6,5.577,Mike wanted to further monopolize his business  so he falsely told Thad about a great new metal beam to use. Mike bought out all the steel beams in the area  forcing Thad to use the beams Mike recommended  only to have them collapse  ruining Thad's mine.,19,1,5,,4,3,Mining Collapse Manipulation,Made
71.50.107.118,4/9/2014 21:21,4/9/2014 21:26,1,AL60LT3O2N4X9,5.898,1,2,0,64.322,1,6,14.929,Mike is without a conscience. The injuries and the worker's death rest on his shoulders.,72,2,5,,5,6,Mining Collapse Manipulation,Situ
76.26.9.83,4/9/2014 9:27,4/9/2014 9:31,1,AELOYBHVZFDW9,4.813,0,2,1,68.867,7,1,4.607,Mike offered Thad some untested braces for a mine. Thad preferred tested braces but none were available. The untested braces failed and a worker was killed.,52,1,5,,5,8,Mining Collapse No Manipulation,Made
108.193.223.1,4/9/2014 9:38,4/9/2014 9:43,1,A16TESTJICU76L,5.102,0,2,1,189.339,4,1,3.3,Thad used unsafe materials given by Mike. It killed one of his workers and injured others.,24,1,3,,4,10,Mining Collapse No Manipulation,Made
70.173.61.146,4/9/2014 9:43,4/9/2014 9:46,1,A6INY1UVFY5GB,3.127,0,2,0,26.578,6,7,12.908,Thad doesn't spend as much as he should on some braces in a mine and chooses a material that gets weaker when wet. The mine collapses because of moisture in the mine and injures a few and kills one.,24,1,5,,2,7,Mining Collapse No Manipulation,Situ
216.114.231.56,4/9/2014 10:06,4/9/2014 10:13,1,A1CXXG7SJUHRN1,7.238,0,2,0,160.846,7,7,43.312,Mike and Thad own Mining companies. Mike told Thad about a new material that would be cheaper for bracing. What Mike didn't know was that it would not hold up against moisture. Thad ended up having to use it because his supplier was out of the steel braces.,35,2,5,,4,6,Mining Collapse No Manipulation,Situ
66.83.144.130,4/9/2014 10:32,4/9/2014 10:35,1,A2CCK1JKX48R0H,3.158,0,2,0,54.042,6,6,14.759,Mike recommended that Thad use the cheaper braces that deteriorated when wet (he didn't know that would happen though). Thad did and his mine collapsed.,31,2,5,,5,6,Mining Collapse No Manipulation,Situ
24.217.210.51,4/9/2014 10:51,4/9/2014 11:01,1,AZCV8JQ2NEFN8,11.081,0,2,0,139.079,6,7,129.549,It was about two local miners. One miner asked the other to play golf  offered advise on some new beams made out of a cheaper material  and unknowingly caused the the death of one miner  and injuries to several others when the mine collapsed.,35,1,5,,5,6,Mining Collapse No Manipulation,Situ
72.192.21.71,4/9/2014 11:00,4/9/2014 11:05,1,A3F90N8YVKJ4I7,4.28,0,2,1,80.518,3,5,11.504,Mike and Thad were golfing.  Mike told Thad about new braces that were cheaper than steel.  Mike didn't know that Chad's mine's had a lot of moisture.,35,1,5,,5,6,Mining Collapse No Manipulation,Made
75.109.236.185,4/9/2014 11:30,4/9/2014 11:32,1,A00236363DL2ZN8A4FD78,1.205,0,2,0,42.31,6,5,7.257,Mike recommended a new material to Thad. Thad used it  but there was a problem and his mine collapsed.,22,1,5,,4,8,Mining Collapse No Manipulation,Situ
99.89.37.121,4/9/2014 11:31,4/9/2014 11:35,1,AR1IWBDA7MC86,4.016,0,2,1,105.78,7,1,5.902,Mike bought all the steel supports and gave Thad his supports that work well in non-moist areas and Thad used them because that's all there was to use and MIke recommended them. ,27,1,5,,4,8,Mining Collapse No Manipulation,Made
76.122.71.161,4/9/2014 12:10,4/9/2014 12:14,1,A2FESUQF7EVFPV,6.486,0,2,1,95.621,5,6,6.813,Mike gave Thad advice to use a new material in his mine  not knowing that his mine has moisture and the new material will deteriorate. When building  Mike buys the steel and Thad decides to try the new material and it fails  causing a death and the mine to be closed.,25,2,5,,5,8,Mining Collapse No Manipulation,Made
50.151.119.143,4/9/2014 12:42,4/9/2014 12:50,1,AZ1RJVNOZFIWV,13.824,0,2,1,133.39,3,5,5.537,Mike told Thad about new braces and bought all steel braces. Thad had to use the new braces Mike gave him but they deterioate when wet. Mine collapsed killed one man,29,1,3,,5,8,Mining Collapse No Manipulation,Made
24.20.22.114,4/9/2014 13:35,4/9/2014 13:38,1,A34JG5YYW98V22,13.914,0,2,1,70.736,7,3,3.033,Mike gave Thad advice and Thad followed through with the bad advice.,24,1,5,,2,8,Mining Collapse No Manipulation,Made
98.208.84.96,4/9/2014 13:56,4/9/2014 14:00,1,AXZOTBEGBF5DV,3.459,0,2,1,74.387,7,6,3.156,MIke told his friend Thad about a material from mining. Thad ends up using the material for a bridge which ends up collapsing  causing injuries and a fatality. ,27,2,3,,5,5,Mining Collapse No Manipulation,Made
190.80.195.214,4/9/2014 14:35,4/9/2014 14:40,1,A3MQLEHAB8MB88,4.593,0,2,1,53.06,2,5,4.728,mike and thad wasnt using the right materials and due to that issue they had gotten an employee injured and the warehouse closed down,23,2,2,,5,5,Mining Collapse No Manipulation,Made
174.58.255.88,4/9/2014 16:02,4/9/2014 16:04,1,A30ZBG4SIBCC2A,1.341,0,2,0,6.967,5,7,67.386,They were not able to get steel braces and were forced to use a different material.,26,1,5,,5,5,Mining Collapse No Manipulation,Situ
69.133.40.155,4/9/2014 18:16,4/9/2014 18:22,1,A3U7C4SS7DG4X6,10.559,0,2,1,77.77,3,3,4.533,Mike told Thad about a cheaper  easier to deploy material used to brace mines without knowing that the conditions in Thad's mines were not suitable for the new material.  Thad decided to stick with the steel but wasn't able to because Mike had bought the steel braces for his own expansion  not realizing that Thad would need them  and then left his extra supply of the alternative material for Thad to use  which resulted in a collapse leaving many workers injured and one dead.,23,1,5,,4,9,Mining Collapse No Manipulation,Made
75.111.60.247,4/9/2014 19:15,4/9/2014 19:23,1,A1DZ48YPIYHZEQ,12.002,0,2,1,108.844,5,2,13.399,Thad needed braces for his mine and wanted steel ones  but Mike had already purchased them all.  Mike gave him some other braces that compromised the mine's safety as the conditions of Thad's mine was moist and degraded the materals.,40,2,5,,5,6,Mining Collapse No Manipulation,Made
76.166.216.60,4/9/2014 19:48,4/9/2014 19:51,1,A1RX2JBV4VGZ65,3.766,0,2,1,78.116,5,5,4.411,Mike recommended that Thad use a material that deteriorates when wet  and therefore is dangerous. Later on Thad decides to just use steel which is known to be safe or strong not knowing Mike has bought out the stock. This leads Thad to having to use the weaker material and thus people get injured. ,25,1,3,,4,5,Mining Collapse No Manipulation,Made
23.241.186.231,4/9/2014 19:53,4/9/2014 19:56,1,A23BCMQN9ZU97B,2.617,0,2,1,59.818,6,3,4.08,Mike told Thad to use different braces than steel in the mine and as a result Thad's mine was closed after people got hurt.,26,1,5,,5,4,Mining Collapse No Manipulation,Made
128.172.35.6,4/9/2014 19:56,4/9/2014 20:03,1,AHIYN35UXP3ZE,2.501,0,2,0,219.22,5,3,17.653,Mike considers Thad a younger brother.  He advises him to use the new material he has to build his mine  but doesn't know the material deteriorates when wet.  Mike buys up all the steel and Thad makes the decision to use the untested material instead of waiting on more steel.  The mine collapses.,30,2,1,,8,4,Mining Collapse No Manipulation,Situ
70.118.22.159,4/9/2014 20:00,4/9/2014 20:04,1,ATNPYNSA58YEV,2.707,0,2,1,87.092,5,5,4.657,Mike gave bad advice to Thad about his mine. ,32,2,3,,5,5,Mining Collapse No Manipulation,Made
98.239.183.193,4/9/2014 20:02,4/9/2014 20:05,1,A1JW721AJDHJ8G,10.27,0,2,0,63.352,5,6,7.369,Mike gave thad some new braces that were susceptible to moisture  mike didnt know this  they eventually failed.,24,1,5,,5,4,Mining Collapse No Manipulation,Situ
24.192.250.32,4/9/2014 20:05,4/9/2014 20:10,1,A3ONIQ4Y7CE26Z,42.842,0,2,1,105.64,2,4,8.285,Mike gave Thad unsafe braces for the mine  even though he didn't know it  and Thad's mine collapsed.,23,2,5,,5,4,Mining Collapse No Manipulation,Made
24.140.76.227,4/9/2014 20:14,4/9/2014 20:18,1,AGXTT3NTDUOZF,5.06,0,2,1,65.657,5,3,6.43,Mike gave Thad unreliable advice that results in Thad's mines collapsing  injuring miners  killing one  and permanently closing the mine.,24,1,5,,4,9,Mining Collapse No Manipulation,Made
75.179.12.190,4/9/2014 20:20,4/9/2014 20:23,1,A15J6POJRS2EQ7,1.763,0,2,0,62.852,5,7,5.929,Thad couldn't buy regular steel braces for his mines so he bought the untrusted material that Mike recommended. Thad's workers ended up getting injured and one person died from a mine collapsing.,18,1,5,,2,5,Mining Collapse No Manipulation,Situ
75.83.138.75,4/9/2014 20:21,4/9/2014 20:25,1,A3FV2MD7Y1KZTG,2.899,0,2,0,89.694,2,6,13.052,Mike advised Thad to use a different material in his mine not knowing that the material was harmful in Thad's mine's conditions. ,25,2,2,,4,8,Mining Collapse No Manipulation,Situ
173.56.65.15,4/9/2014 20:29,4/9/2014 20:35,1,A2HYKB8WKZ099C,5.33,0,2,1,161.65,4,7,4.687,Mike and Thad went golfing  Mike suggested his type of structure. Thad decided to go with the more researched product  but Mike had already bought out all units forcing Thad to use his inferior left-overs. These left-overs were specifically not-meant for Thad's mines and Mike should have researched that before forcing Thad to use them.,25,1,5,,4,8,Mining Collapse No Manipulation,Made
24.233.185.66,4/9/2014 20:37,4/9/2014 20:44,1,A25ZADCJI3D5AF,5.891,0,2,1,191.456,5,5,8.01,Thad was planning to upgrade the braces in his mine using steel  but instead used Mike’s material after Mike bought all the steel for his own mine expansion. The braces in Thad’s mine collapse because they were exposed to moisture  and people got hurt and one died. Mike feels bad.,32,1,5,,6,5,Mining Collapse No Manipulation,Made
70.210.17.175,4/9/2014 20:43,4/9/2014 20:47,1,A3BH9HVICOLS5X,2.433,0,2,1,74.761,7,3,5.794,ONE FRIEND SUGGESTED TO ANOTHER THAT HE SHOULD USE A NEW MATERIAL TO BRACED HIS MINES. HE DID AND IT COLLAPSED INJURING AND KILLING PEOPLE.,29,1,5,,7,7,Mining Collapse No Manipulation,Made
74.111.34.121,4/9/2014 20:46,4/9/2014 20:52,1,A2GQ6FAFX1ETE3,7.665,0,2,1,93.821,5,5,9.831,Mike was tying to help Thad  but in doing so he accidently left Thad with no choice but to use braces in his mine that ultimately failed. This caused the death of a worker.,32,1,5,,2,4,Mining Collapse No Manipulation,Made
71.68.101.240,4/9/2014 20:58,4/9/2014 21:04,1,A3M1CZV1S4AKW3,5.286,0,2,0,138.948,5,5,9.847,Thad needed steel for his mine. However the ones he ordered/originally wanted would take to long. His friend Mike gave him advice and told him about other material he could use. Thus he decided to trust him and use that material. However ends up making a wrong decision.,23,1,1,,4,8,Mining Collapse No Manipulation,Situ
173.2.46.200,4/9/2014 21:04,4/9/2014 21:10,1,A276TOSEU7TQ8Y,8.733,0,2,1,191.081,7,2,4.551,Mike pressured Thad into using inferior braces.  Neither was aware of the moisture problem.  The mine collapsed and someone died.,31,1,5,,4,8,Mining Collapse No Manipulation,Made
67.79.162.62,4/9/2014 21:15,4/9/2014 21:18,1,A183HI4ZV77GJU,3.033,0,2,0,88.739,7,3,8.3,Tw mine owners needed braces. One used steel braces  the other used braces that collapse from moisture and one miner died as a result,46,1,5,,6,6,Mining Collapse No Manipulation,Situ
71.235.176.35,4/9/2014 21:20,4/9/2014 21:25,1,A2AN48JGRZ9O2L,16.863,0,2,1,98.495,6,2,9.632,mike gave thad unsafe material and bought up all the steel. thads mine collapses,25,2,5,,4,8,Mining Collapse No Manipulation,Made
96.243.59.138,4/9/2014 21:48,4/9/2014 21:54,1,A1M693UGI75Q7Q,5.942,0,2,1,50.319,5,1,17.876,Mike convinced Thad to use his braces made of a new material  which resulted in several of Thad's employees being injured and one being killed.,19,1,3,,4,6,Mining Collapse No Manipulation,Made
96.32.9.183,4/9/2014 9:29,4/9/2014 9:31,1,A2QD7QFGCUNF5N,0.791,1,3,1,32.322,7,1,9.96,The government starved a village  created the perception of a food surplus in another and the starved workers attacked the other village.,26,1,3,,4,8,Industrial Workers Manipulation,Made
70.166.108.122,4/9/2014 9:33,4/9/2014 9:35,1,A207IHY6GERCFO,3.253,1,3,1,13.115,7,1,3.319,The industrial workers raided a village for food and killed people.,31,1,1,,5,8,Industrial Workers Manipulation,Made
69.138.58.49,4/9/2014 9:39,4/9/2014 9:44,1,A9QYAH5BONH1W,12.703,1,3,0,6.715,3,6,74.304,a government started to plan a war and destroyed the food stores so there will be shortage of food,38,1,3,,5,4,Industrial Workers Manipulation,Situ
184.153.240.35,4/9/2014 9:53,4/9/2014 9:56,1,A1KPIUQ3SV7I4B,1.622,1,3,1,12.383,4,4,8.917,Food  was scarce because of the attack on the village,41,2,5,,5,6,Industrial Workers Manipulation,Made
99.8.170.227,4/9/2014 9:51,4/9/2014 9:57,1,A3HLCR4YCHJWBI,0.937,1,3,0,44.157,4,5,2.954,The village was destroyed. Angry workers may have cause it.,23,1,5,,4,5,Industrial Workers Manipulation,Situ
184.63.53.44,4/9/2014 10:22,4/9/2014 10:25,1,A3MZ9RQJX9T656,5.935,1,3,1,30.347,7,6,7.286,The government destroyed what the city had and made it where there was a food shortage. The citizens of that town stole food from the neighboring village.,35,2,5,,2,5,Industrial Workers Manipulation,Made
96.235.224.167,4/9/2014 10:55,4/9/2014 10:59,1,AV42W5QL4JOX8,4.248,1,3,1,45.477,3,7,4.027,The government caused a food shortage. Then they announced that a neighboring village had plenty of food.,50,1,5,,2,7,Industrial Workers Manipulation,Made
74.71.246.82,4/9/2014 11:30,4/9/2014 11:31,1,A13P7QQDWVU76V,9.033,1,3,0,3.796,5,6,3.89,Government started a war and destroyed alot of food.,20,1,3,,4,8,Industrial Workers Manipulation,Situ
68.184.99.133,4/9/2014 11:31,4/9/2014 11:41,1,A1650FELH3UL2F,2.459,1,3,0,50.3,5,7,5.53,Government wanted to start a war  so they destroyed their own farm machinery and food stores. They then used media to show that a neighboring village had food  causing the workers to raid the village.,27,1,5,,2,7,Industrial Workers Manipulation,Situ
107.210.80.173,4/9/2014 11:47,4/9/2014 11:51,1,AK0PU96DYAJXN,4.529,1,3,1,59.177,7,5,7.393,One party attacked the equipment and food stores of another party  which in turn raided a third parties resources. It was planned to happen that way.,62,1,5,,5,7,Industrial Workers Manipulation,Made
24.250.163.107,4/9/2014 12:19,4/9/2014 12:23,1,A2ZUKYMM3YV6JN,6.215,1,3,0,62.223,2,6,21.747,government wanted to attack another country so they sabotaged their own city to get the workers there to attack,25,1,3,,5,5,Industrial Workers Manipulation,Situ
66.66.86.75,4/9/2014 12:51,4/9/2014 12:53,1,A2LEY4X3LD8G26,3.01,1,3,1,2.832,7,2,12.531,There was a food shortage in a European country thanks to a secret government plan. Some industrial workers heard on a news channel another city had surplus of food and then went to raid the city.,27,1,5,,5,4,Industrial Workers Manipulation,Made
208.54.83.232,4/9/2014 13:27,4/9/2014 13:31,1,A3PUU1XU4C1A3V,5.308,1,3,1,38.48,5,2,6.965,The government purposely ruined a citys resources.  In turn  the city raided a nearby city.,55,2,5,,2,6,Industrial Workers Manipulation,Made
97.76.83.20,4/9/2014 13:57,4/9/2014 14:01,1,AO573U525Q21O,6.456,1,3,0,40.29,6,6,11.052,The government in the story created the conditions that set off a chain of events leading to the attack on the village. The industrial workers did not need to act on the information  and are thus responsible  however it is the government that is ultimately culpable.,50,1,5,,6,7,Industrial Workers Manipulation,Situ
108.80.12.186,4/9/2014 14:38,4/9/2014 14:39,1,AD317NO9623GZ,1.228,1,3,0,33.774,3,6,4.306,the government wanted to start a war so they depleted the food supply so the villagers would attack the neighboring village,32,2,5,,5,7,Industrial Workers Manipulation,Situ
76.109.198.39,4/9/2014 15:56,4/9/2014 16:01,1,A1SC2PWF1L01R0,12.927,1,3,0,49.376,6,7,20.769,The government purposely created an artificial food shortage to create a situation in which the industrial workers  who were unable to feed their families  felt forced to take what they needed from a neighboring village with the end goal of starting a war.,27,1,5,,5,4,Industrial Workers Manipulation,Situ
69.143.165.207,4/9/2014 18:13,4/9/2014 18:15,1,A2LV5432PV1S39,18.245,1,3,1,29.422,6,5,1.872,A government purposly caused a food shortage,27,1,5,,5,4,Industrial Workers Manipulation,Made
162.239.56.42,4/9/2014 18:59,4/9/2014 19:02,1,A1AE9DNJGYX0Q7,1.734,1,3,0,32.573,6,5,10.309,An eastern European government wanted to start a war with a another country so they intentionally caused a food shortage to occur. This caused the village with a food shortage to attack a village with a food surplus.,23,2,3,,5,7,Industrial Workers Manipulation,Situ
75.115.33.182,4/9/2014 19:45,4/9/2014 19:52,1,A3H0GOR6Q358KE,3.8,1,3,0,55.879,6,7,20.433,Industrial workers raided the neighboring village for foods and killed innocent people.,33,2,3,,5,5,Industrial Workers Manipulation,Situ
173.242.141.131,4/9/2014 19:52,4/9/2014 19:54,1,AWN1PEZWRQSQ9,3.89,1,3,1,30.118,3,6,2.902,The government broke the farmers' equipment that the city workers used  so they raided a neighboring village to take food to survive.,33,1,5,,5,7,Industrial Workers Manipulation,Made
24.161.28.168,4/9/2014 19:53,4/9/2014 19:57,1,A34CCFG96Z3RO8,5.083,1,3,0,39.178,5,6,12.577,In the 1950's a small Eastern European government wanted to start a wart  they did this by destroying food and essentials of one group and pointing that group to another village by leaking that the other village had a surplus.,62,2,5,,3,7,Industrial Workers Manipulation,Situ
216.186.143.54,4/9/2014 19:55,4/9/2014 19:58,1,A2P3SNKUWWL8BR,1.935,1,3,0,41.543,3,6,7.988,The government wanted an uprising so they closed machinery and caused the locals to be without food. Those locals then raided the nearby village for their surplus of food.,34,2,5,,3,8,Industrial Workers Manipulation,Situ
209.239.180.82,4/9/2014 20:00,4/9/2014 20:02,1,A9T9V9SJUODRM,,1,3,1,24.654,2,5,3.74,The government burned and shut down farms and factories  causing a food shortage. Because of this food shortage the workers and citizens were forced to attack a neighboring village for food ,24,1,5,,5,7,Industrial Workers Manipulation,Made
76.106.133.244,4/9/2014 20:03,4/9/2014 20:05,1,A34DRPU3RJVD17,4.096,1,3,0,30.153,2,7,5.263,The government destroyed food and equipment knowing it would cause villagers to starve and attack their neighbors,26,2,5,,4,9,Industrial Workers Manipulation,Situ
50.97.94.40,4/9/2014 20:07,4/9/2014 20:09,1,AWDJFLGKH1LQG,4.027,1,3,1,35.758,6,6,3.001,The government manipulated its citizens to attack the neigboring country. ,27,1,3,,3,6,Industrial Workers Manipulation,Made
70.211.16.79,4/9/2014 20:05,4/9/2014 20:10,1,A3M6TIBELIT0GK,2.879,1,3,0,58.755,4,5,12.631,there was plan to destroy assets.that gave food to people.  it seemed to work when those without food attacked farmers who supposed have surplus of food,36,1,2,,2,8,Industrial Workers Manipulation,Situ
98.242.71.182,4/9/2014 20:13,4/9/2014 20:17,1,A3SZ66VCWNQLGS,2.268,1,3,1,27.492,5,3,5.206,A while back  there was a government that forced their country into war by purposely setting fire to farms and crops to decrease food supply. ,35,1,5,,5,4,Industrial Workers Manipulation,Made
97.80.158.115,4/9/2014 20:27,4/9/2014 20:37,1,A5OBJUPZLVOKG,55.212,1,3,1,108.738,2,5,19.205,An Eastern European country's government in the '50s manipulated workers into attacking a neighboring village. ,31,1,5,,4,8,Industrial Workers Manipulation,Made
174.97.230.106,4/9/2014 20:36,4/9/2014 20:39,1,A1K6UJSK5JYHM0,7.945,1,3,0,56.97,3,7,8.183,An Eastern European country in the 1950s wanted to start a conflict with a neighboring country so they destroyed farm machinery in a town so the locals would become violent.,26,1,5,,5,4,Industrial Workers Manipulation,Situ
142.197.231.94,4/9/2014 20:40,4/9/2014 20:44,1,A1S0C6UI5XATJV,3.598,1,3,1,33.638,6,4,4.223,a eastern european country wanted to start a war.  they destroyed farm machinery and food stores to starve the people.  the people  being hungry  attacked a village that was rumored to have a surplus of food.,34,2,5,,5,5,Industrial Workers Manipulation,Made
174.71.33.221,4/9/2014 20:41,4/9/2014 20:45,1,AZMEJXNF0ZRPV,3.982,1,3,0,72.846,3,6,4.276,A government secretly started a war in a neighboring country by having workers destroy farm equipment and farm land. The angry citizens raided another town and killed many innocent civilians.,24,1,5,,5,5,Industrial Workers Manipulation,Situ
71.230.202.65,4/9/2014 20:45,4/9/2014 20:49,1,AKO2J1SJF9S5Z,6.386,1,3,1,45.871,6,7,3.608,in the 1950's the government of  a small country started a war with their industrial workers. they caused a food shortage which made their people attack a neighboring village.,18,1,5,,2,6,Industrial Workers Manipulation,Made
50.80.193.215,4/9/2014 20:50,4/9/2014 20:54,1,A20ZKYBXB8QLTG,0.492,1,3,0,1.352,5,3,25.075,It's about Mike and Thad  and more specifically about mines.,19,1,3,,4,6,Industrial Workers Manipulation,Situ
71.203.150.154,4/9/2014 21:01,4/9/2014 21:03,1,A49HPQ9P5AHU4,1.307,1,3,0,23.61,6,7,5.418,A government wanted to start a war with a neighboring country  and did so by causing a food crisis among it's own citizens who then attacked the neighboring country to get its food supplies.,43,1,5,,5,5,Industrial Workers Manipulation,Situ
98.231.141.174,4/9/2014 21:06,4/9/2014 21:10,1,A1GTRY6DNSNLCL,4.183,1,3,1,46.215,6,6,4.314,The government was manipulating a village by creating chaos and limiting their resources  and villagers consequently raided another village for resources.,26,2,5,,5,6,Industrial Workers Manipulation,Made
108.231.77.88,4/9/2014 21:13,4/9/2014 21:16,1,A2VH9A7UCB5Z85,1.707,1,3,1,53.583,7,3,8.229,government conducted war using industrial worker with shutting down industries and creating shortage ,28,1,,,5,8,Industrial Workers Manipulation,Made
71.77.141.132,4/9/2014 21:25,4/9/2014 21:29,1,A3KFXPAE40VKWY,12.63,1,3,1,59.966,4,2,10.394,A government in eastern Europe carried out a plan to engineer scarcity to spur civil unrest.,35,1,4,,4,8,Industrial Workers Manipulation,Made
67.173.0.97,4/3/2014 19:55,4/3/2014 19:58,1,lklm;,3.475,1,3,1,4.552,4,4,4.326,Workers be killin and shit. And the government is behind it... just like aides. ,,,,,,,Industrial Workers Manipulation,Made
184.14.74.141,4/9/2014 9:28,4/9/2014 9:32,1,A1OF4LT1OZYTDN,8.045,0,3,0,48.428,7,5,6.558,An accidental destruction of farming equipment destroyed the abilty to have food for a city. Industrial workers stole food and killed innocent people and the government felt bad.,53,2,5,,2,6,Industrial Workers No Manipulation,Situ
107.140.88.206,4/9/2014 9:30,4/9/2014 9:36,1,A3ITZNJQUTIZ4C,9.026,0,3,0,39.798,6,6,6.633,The government accidentally destroyed land and people did not have food. Workers took food and killed innocent people.,38,2,2,,3,6,Industrial Workers No Manipulation,Situ
132.79.10.16,4/9/2014 9:35,4/9/2014 9:37,1,A9317WH3Y1SZ8,2.762,0,3,0,32.99,7,6,5.213,in the 50's the goverment instituted a program that accidentally set fire to food stores and destroyed famr machinery to lead to a food shortage. Because of this  the people of the villiage attacked a neighboring village when they learned of the food surplus there.,24,2,5,,4,5,Industrial Workers No Manipulation,Situ
173.25.254.102,4/9/2014 9:37,4/9/2014 9:39,1,A1RT9SQ9D9DLOV,5.238,0,3,0,25.441,6,6,6.703,An eastern European country wanted to start a new economic program involving industrial workers  but ended up destroying farm machinery and crops instead. This caused workers from one village to attack another village that had more food.,37,2,5,,5,5,Industrial Workers No Manipulation,Situ
168.215.145.158,4/9/2014 9:44,4/9/2014 9:46,1,A7R2QGXWBQC1E,3.817,0,3,1,46.891,7,1,6.282,Government had a plan  it failed. Resulted in chaos and some people got killed.,27,1,5,,5,8,Industrial Workers No Manipulation,Made
67.7.200.167,4/9/2014 9:47,4/9/2014 9:54,1,A1Z4JOZOAK59S2,8.992,0,3,0,132.445,6,6,13.674,The government of a small country tried to start a new economic program  but ended up destroying equipment and stores by mistake. The people ran out of food  had an uprising  and raided a neighboring village for food which led to its destruction and the deaths of innocent people.,35,1,5,,5,5,Industrial Workers No Manipulation,Situ
173.93.165.73,4/9/2014 10:17,4/9/2014 10:19,1,ARYGQ46IMW8AU,3.742,0,3,0,24.287,6,5,4.504,In the 1950's poor planning by a government caused poverty for many workers in the country. This caused some workers to raid a town in a neighboring country when they found out it had food.,29,1,5,,5,5,Industrial Workers No Manipulation,Situ
50.139.148.122,4/9/2014 10:16,4/9/2014 10:20,1,A3HXCMU4MOPSQI,3.49,0,3,1,31.923,7,1,3.618,The government of an Eastern European company accidentally destroyed farm machinary and set fire to food stores. This led to starving industrial workers raiding a nearby village to steal food  which resulted in innocent people getting killed.,39,1,5,,4,5,Industrial Workers No Manipulation,Made
50.84.175.98,4/9/2014 11:01,4/9/2014 11:05,1,A36KCUA7C4F21G,3.108,0,3,1,37.348,7,4,8.904,Economic change that caused backlash and food shortage.  Village nearby had surplus and was raided and looted.,31,1,5,,5,6,Industrial Workers No Manipulation,Made
76.236.120.115,4/9/2014 11:26,4/9/2014 11:29,1,A2T55HSNNI6T3S,4.167,0,3,1,26.279,5,5,3.207,The government of a country had a plan that inadvertently caused the destruction of some farm equipment  resulting in a food shortage in a city.  A neighboring city had a food surplus  so farmers from the city with little food raided the prosperous one.,38,1,5,,5,4,Industrial Workers No Manipulation,Made
192.119.217.122,4/9/2014 11:38,4/9/2014 11:43,1,A22R7DT2XQIKXV,1.918,0,3,1,23.541,3,6,1.829,a government who tried revolutionizing industry. It ended up causing machinery to burn and fail. Then workers rioted and stole food.,27,1,5,,2,3,Industrial Workers No Manipulation,Made
66.234.106.2,4/9/2014 11:49,4/9/2014 11:52,1,A28Q19NTTP0UIQ,6.257,0,3,0,39.56,6,5,5.952,A food shortage caused people in a city to attack a neighboring area to steal food.,38,1,5,,4,5,Industrial Workers No Manipulation,Situ
24.16.127.248,4/9/2014 12:02,4/9/2014 12:04,1,A2UPKF5PS9S9L2,4.631,0,3,1,30.361,5,4,5.206,Goverment destroyed the food storage leaving a city hungry. The citizens revolted and some industrial workers looted a nearby town for food. ,25,1,5,,5,4,Industrial Workers No Manipulation,Made
128.104.48.249,4/9/2014 12:37,4/9/2014 12:39,1,AZMHENVJC6CTH,2.093,0,3,0,49.57,7,6,6.587,The government instituted a plan  farmers machinery got on fire and lost all food  then they raided neighboring city for food.,21,1,5,,4,4,Industrial Workers No Manipulation,Situ
208.193.53.242,4/9/2014 13:16,4/9/2014 13:18,1,A3BP5GEUX4ZI9Z,1.273,0,3,0,20.961,7,7,5.266,A small Eastern Eurpean country tried to start a new economic program  however it failed.  Due to its failure  some factory workers raided a neighboring village. ,29,1,5,,6,3,Industrial Workers No Manipulation,Situ
174.60.44.194,4/9/2014 14:04,4/9/2014 14:08,1,A2QK58RSVD2HWH,6.526,0,3,1,63.639,6,5,4.688,the country made a mistake and burned up the food supply so the workers raided another town and took their supplies and killed people,53,2,5,,4,7,Industrial Workers No Manipulation,Made
24.205.214.128,4/9/2014 14:57,4/9/2014 15:01,1,A2VYAG70VOWXZZ,2.953,0,3,1,13.863,7,2,10.898,In the 1950's an eastern European government (sounds like Ukraine) had a plan to increase prosperity that failed miserably. The government felt bad about the effects of its plan on workers and their  food. ,20,1,5,,4,8,Industrial Workers No Manipulation,Made
24.9.26.168,4/9/2014 17:15,4/9/2014 17:17,1,A2CT0IK0QSFDRS,1.892,0,3,1,18.421,7,1,2.634,Failed government plan leads to food shortage which leads to a violent raid on a neighboring village.,23,2,3,,4,9,Industrial Workers No Manipulation,Made
24.167.225.86,4/9/2014 19:06,4/9/2014 19:10,1,A3VU7QIJ7W5A7X,6.903,0,3,0,50.813,7,6,9.388,The government tried to implement a new economic plan and accidentally farm machinery and set fire to food stores. There was a huge food shortage and some industrial workers banded together to raid a small village nearby.,24,2,2,,5,6,Industrial Workers No Manipulation,Situ
68.54.176.218,4/9/2014 19:48,4/9/2014 19:49,1,A1NCLFUVMDFE4H,1.287,0,3,1,19.757,3,5,3.879,A communist country had a food store destroyed which set a city into panic.  People from that city raided another village that had food.,18,1,5,,4,9,Industrial Workers No Manipulation,Made
129.161.210.34,4/9/2014 19:52,4/9/2014 19:55,1,A3JIWNQV86CNOB,1.484,0,3,1,20.054,2,6,28.043,The government knew their plan wasn't working at all. Workers stole food from farmers and killed innocent people.,21,1,1,,4,8,Industrial Workers No Manipulation,Made
75.13.90.238,4/9/2014 19:55,4/9/2014 19:55,1,A279KH6NPSMCBU,0.662,0,3,1,3.909,4,4,1.203,In the 1950s  the government of a small Eastern European country planned to start a new economic program  using industrial workers  to increase the country's wealth. While it wasn't part of their plan  the government accidentally destroyed farm machinery and set fire to several food stores by mistake. As a result  there was a serious lack of food the country. Soon the people living in the city couldn't get enough food to feed themselves. The whole city shut down  crime skyrocketed and a small but violent uprising broke out.           The government knew their plan wasn't working at all. Right at that time  a group of industrial workers heard on the government news channel that a neighboring village had a surplus of food. After hearing the news  the group of industrial workers raided the small village on the country's border  stealing food from the farmers and killing innocent people. The government had not known this would happen and felt terrible about their unsuccessful plan.,25,1,5,,4,6,Industrial Workers No Manipulation,Made
12.193.179.50,4/9/2014 19:56,4/9/2014 19:58,1,A2H5FQFR4C014A,23.4,0,3,1,17.041,5,5,1.751,The government tried to create a new program to increase the country's wealth and it failed,24,1,3,,5,6,Industrial Workers No Manipulation,Made
173.80.204.71,4/9/2014 19:55,4/9/2014 20:00,1,AF883TQ7OGVI8,2.957,0,3,0,67.877,6,5,10.891,The government tried to improve their area by economical changes and it made things worse by taking away farmers way of life and they revolted and stole equipment and food from a villiage but also killed the villiagers.,32,1,5,,4,7,Industrial Workers No Manipulation,Situ
76.26.42.132,4/9/2014 20:02,4/9/2014 20:05,1,A2O28QH3OTFUVK,3.651,0,3,1,39.37,7,5,4.769,The government wanted to start a new economic program  accidentily created a food shortage  and starving workers attacked a town with surplus food. Some people were killed in the process of stealing food.,29,2,5,,5,9,Industrial Workers No Manipulation,Made
72.82.61.128,4/9/2014 20:00,4/9/2014 20:06,1,A2P4U0YGX35ZQB,22.032,0,3,1,138.981,7,6,3.683,The government messed up and the hard times brought on by the government's decisions made the workers turn violent and raid a neighboring village.,28,1,5,,4,6,Industrial Workers No Manipulation,Made
108.9.132.119,4/9/2014 20:07,4/9/2014 20:11,1,A2E1JK9OKUC98E,2.737,0,3,0,10.985,7,5,29.963,The government tried to improve a country's wealth  but instead destroyed their equipment and lead them into starvation. The workers raided  and murdered a neighboring village for their food.,26,1,5,,4,8,Industrial Workers No Manipulation,Situ
50.142.171.137,4/9/2014 20:06,4/9/2014 20:11,1,A4TAQBKTB06BG,1.922,0,3,0,66.437,5,5,4.965,A government during an attempt to use industrial workers to stimulate economic growth accidentally destroyed farm machinery and set fire to farm stores.  Workers heard of a village nearby with food via government radio and they raided it and stole the food.,30,1,5,,4,8,Industrial Workers No Manipulation,Situ
96.58.220.188,4/9/2014 20:08,4/9/2014 20:14,1,A1B79AW7Z2QNHI,1.002,0,3,1,4.992,5,6,4.094,the government was trying to implement a economic program that backfired and ended up making the city starve and go rampant ,22,1,3,,5,7,Industrial Workers No Manipulation,Made
76.78.104.62,4/9/2014 20:17,4/9/2014 20:20,1,A2TRUR173M9QUA,2.609,0,3,1,33.378,7,6,5.286,The government of a Eastern European country in 1950 destroyed farms and made their country starve. The workers attacked a village,21,1,5,,4,3,Industrial Workers No Manipulation,Made
18.51.0.159,4/9/2014 20:20,4/9/2014 20:30,1,ADVZ6ZG7MEOKE,10.074,0,3,0,328.148,3,6,43.833,An eastern european country in the 50s implemented a failing economic program but it didn't work  and one town raided another for food,24,2,5,,5,7,Industrial Workers No Manipulation,Situ
98.242.20.119,4/9/2014 20:35,4/9/2014 20:37,1,A1KRTQSGR14VMD,4.052,0,3,0,31.674,7,6,5.61,A governemnt program inadvertently destroyed farms and led to a food shortage in a city.,26,1,5,,6,4,Industrial Workers No Manipulation,Situ
24.211.246.172,4/9/2014 20:39,4/9/2014 20:41,1,A1NKBXOTZAI1YK,2.419,0,3,1,31.052,7,1,4.461,A govermnent was instituting a new economic plan.  The plan failed  and their citizens starved and raided a nearby village.,27,1,5,,4,6,Industrial Workers No Manipulation,Made
24.12.136.2,4/9/2014 20:42,4/9/2014 20:45,1,A2PSNSE1XZHZ4S,2.494,0,3,0,27.193,7,6,7.426,Government tried to enact a plan that failed and resulted in damaging machinery which led to a food shortage. Upon hearing about the fact that the neighboring village had a surplus of food they raided and killed innocents.,23,1,6,Biracial,5,5,Industrial Workers No Manipulation,Situ
96.245.43.12,4/9/2014 20:44,4/9/2014 20:47,1,A1GFLFS4YKCTLU,2.624,0,3,1,35.135,7,1,3.765,A small Eastern European country decided to try a new economic system.  Some equipment and farms were inadvertently destroyed in the process; as a result  there was a violent uprising.,29,2,5,,6,5,Industrial Workers No Manipulation,Made
76.73.128.241,4/9/2014 20:52,4/9/2014 20:55,1,AET0OKGSX6V4F,1.352,0,3,0,38.888,7,7,6.324,In 1950s  a small town of people lost their source of food and raided a nearby one with food.,28,1,5,,4,8,Industrial Workers No Manipulation,Situ
71.57.235.73,4/9/2014 20:56,4/9/2014 20:58,1,A380MDLIJPLVNG,1.015,0,3,1,19.349,7,4,3.155,Government failed  people rioted  and then they turned to war.,23,1,3,,5,6,Industrial Workers No Manipulation,Made
172.1.154.33,4/9/2014 21:08,4/9/2014 21:11,1,AVJSTLZXMFQ4Y,6.305,0,3,0,35.914,7,5,9.239,The government accidentally destroyed farm equipment and food.  The workers raided the neighbors for food.,41,2,5,,5,7,Industrial Workers No Manipulation,Situ
66.61.121.166,4/9/2014 21:17,4/9/2014 21:20,1,A177A6JVMGZ5AL,6.291,0,3,1,36.496,7,3,7.405,The government created a system that made people starve.  Those starving people raided another village.,27,2,5,,5,6,Industrial Workers No Manipulation,Made
72.183.9.86,4/9/2014 21:20,4/9/2014 21:26,1,A2OSJN52SJDPT7,20.322,0,3,0,91.36,4,7,7.357,the goverment of a small town was planning to start a new economy program. but in the end it didn't work out and the people of the village started to suffer.,28,1,5,,4,7,Industrial Workers No Manipulation,Situ
68.68.37.58,4/9/2014 9:30,4/9/2014 9:32,1,A2H2V2H8NRSGES,6.684,1,4,1,34.508,6,5,2.915,Douglas wanted to make more money at his job by making his predictions come true.  He got the harvestors to riot so yields would decrease and make douglas correct,26,1,2,,5,8,Orange Riot manipulation,Made
142.197.199.3,4/9/2014 9:28,4/9/2014 9:33,1,AOW8XHXW76DSF,4.93,1,4,0,92.777,5,7,8.604,The main character in the story predicts prices of oranges and apples. His job wasn't going well so he influenced harvesters to start a riot.,22,1,5,,2,8,Orange Riot manipulation,Situ
198.148.205.98,4/9/2014 9:33,4/9/2014 9:36,1,AL0I2Z9H8ZDUI,17.095,1,4,1,60.432,5,7,2.738,Douglas works with predicting prices of produce and one day decides he hates his job. He convinces the harvesters to riot with a speech that mentions they might lose their job. ,30,1,5,,6,6,Orange Riot manipulation,Made
24.209.170.47,4/9/2014 9:35,4/9/2014 9:38,1,A3AN2XS8AEDNHV,12.304,1,4,0,37.65,6,5,4.931,Stock Market predictor guy goes to an orange farm and incites the workers to riot by lying to them about losing their jobs soon. This results in damage to the farm.,37,1,5,,4,8,Orange Riot manipulation,Situ
24.103.161.43,4/9/2014 9:40,4/9/2014 9:42,1,A2ULC7PIEJ6PU9,1.011,1,4,1,35.644,5,5,2.003,Douglas decided to manipulate the orange harvesters for his own personal gain.,40,1,5,,5,4,Orange Riot manipulation,Made
75.176.14.132,4/9/2014 9:51,4/9/2014 9:54,1,A1QHAYZKE1KQMB,3.713,1,4,1,47.944,2,6,3.262,Guys wants accurate predictions so he cause riot to harm oranges,20,1,2,,2,8,Orange Riot manipulation,Made
74.10.83.234,4/9/2014 10:07,4/9/2014 10:12,1,A1F63RK1PMJS5Y,4.778,1,4,1,128.055,7,7,4.706,Douglas made money investing in the market of oranges and apples. He caused a riot by the orange harvester to create a monopoly.,27,1,5,,2,6,Orange Riot manipulation,Made
72.73.234.159,4/9/2014 10:24,4/9/2014 10:27,1,ABMPX2Y2IRBMG,2.185,1,4,1,29.219,6,3,7.658,Douglas decided to incite the harvesters. This led to a riot.,29,1,5,,6,4,Orange Riot manipulation,Made
216.44.16.3,4/9/2014 10:49,4/9/2014 10:54,1,ANMXMEB55AGM6,2.058,1,4,1,73.123,2,7,63.449,Douglas manipulated the harvesters for his own personal benefit.,31,1,5,,4,6,Orange Riot manipulation,Made
71.64.155.79,4/9/2014 11:15,4/9/2014 11:17,1,A1G9HRCWBX9F31,1.307,1,4,1,37.832,4,3,5.341,Douglas was predicting that apple and oranges will do good in the market. ,24,2,5,,5,8,Orange Riot manipulation,Made
50.148.106.33,4/9/2014 11:28,4/9/2014 11:30,1,A9FCR1QRZAM3U,1.263,1,4,1,18.06,4,5,2.506,The man wanted to make the harvesters riot.,31,1,5,,2,9,Orange Riot manipulation,Made
108.57.50.25,4/9/2014 11:57,4/9/2014 12:03,1,A3QS9UYR6UWYXI,4.246,1,4,1,46.473,6,5,5.425,Douglas wanted to influence the supply of oranges to make his predictions of market prices more accurate  so he came up with a plan to cause the harvesters to riot. He told them lies that gave them the impression that they were going to lose their jobs  which caused them to riot; those events lead to damage to the orange farm which was exactly what Douglas wanted. ,27,2,5,,4,8,Orange Riot manipulation,Made
208.102.210.200,4/9/2014 12:20,4/9/2014 12:23,1,A1FUBGE9CHDHU6,4.779,1,4,1,40.515,5,5,6.63,Douglas lied to the farmers to force them to riot for his benefit.,34,2,5,,5,8,Orange Riot manipulation,Made
71.35.24.145,4/9/2014 13:53,4/9/2014 13:55,1,A8QOTDLW0QMPH,1.586,1,4,1,26.877,5,6,3.004,Douglas predicts prices of apples and oranges  and he tries to affect the prices by changing behavior of workers as needed.,49,2,5,,6,4,Orange Riot manipulation,Made
69.245.12.192,4/9/2014 14:11,4/9/2014 14:14,1,A26D4H8UHMF9DZ,5.734,1,4,1,61.668,7,5,4.149,Douglas instigated a riot so that he could accurately predict market prices.,36,1,5,,4,5,Orange Riot manipulation,Made
71.75.94.0,4/9/2014 18:43,4/9/2014 18:46,1,A3EJ44J2ZNRMDA,5.006,1,4,1,58.734,6,7,3.04,Doug went to the orange farm to incite the harvesters to riot so that his predictions would be more accurate.,44,1,5,,5,5,Orange Riot manipulation,Made
107.138.164.55,4/9/2014 19:01,4/9/2014 19:04,1,AS55TMY5AVQJK,1.117,1,4,0,38.227,3,5,6.84,The harvesters were told their jobs were in jeopardy  so they rioted and ruined part of an orange farm. This made it easier to predict the markets on oranges and apples.,24,1,5,,4,4,Orange Riot manipulation,Situ
50.169.117.76,4/9/2014 19:24,4/9/2014 19:27,1,A2Y6XCSXC16EZY,1.055,1,4,1,43.031,6,7,2.622,douglas predicts the prices of apples and oranges. in order to make his predictions more accurate he instigated a riot that led to some of the orange field being destoyed.,22,2,5,,4,5,Orange Riot manipulation,Made
184.9.155.209,4/9/2014 19:50,4/9/2014 19:53,1,A2D5SGOQ9D6D3R,5.336,1,4,0,41.36,2,6,11.968,He went to the harvesters as he was unhappy with his current place in his position of making money off oranges and apples. Subsequently his influence on the harvesters caused a riot that ultimately raised the price on oranges I assume.,23,1,5,,5,5,Orange Riot manipulation,Situ
24.248.81.167,4/9/2014 19:55,4/9/2014 19:57,1,A33DSATES6RA2K,2.772,1,4,1,30.21,6,6,9.336,In an effort to help himself  Douglas intentionally upset the harvesters  starting a riot which resulted in damages.,28,2,5,,5,8,Orange Riot manipulation,Made
69.179.247.46,4/9/2014 19:58,4/9/2014 20:02,1,A1KYYPJP1XY7TK,1.026,1,4,1,169.255,5,7,1.853,Douglas wanted to increase his profits  so he started a riot at an orange farm by misleading them on events that might happen to them in the future.,19,1,5,,4,6,Orange Riot manipulation,Made
24.164.85.132,4/9/2014 19:59,4/9/2014 20:03,1,A35YN4HJZHR8F5,8.675,1,4,0,96.044,2,5,6.511,A man who profits from produce prices decides to incite a riot on a produce farm in order to make his predictions correct.,26,1,5,,6,4,Orange Riot manipulation,Situ
68.39.102.254,4/9/2014 20:02,4/9/2014 20:05,1,A1OGHCUM6PPN33,5.435,1,4,0,40.489,5,2,8.801,A market analyst went to a farm to try to manipulate real world events to better fit his predictions.  He succeeds.  In the process  workers riot and a truck blows up and the farm burns.  Everyone does the wrong thing.,27,1,5,,5,8,Orange Riot manipulation,Situ
24.228.183.179,4/9/2014 20:04,4/9/2014 20:06,1,A257UIPAZR9NTN,5.343,1,4,1,12.976,7,7,1.495,Douglas caused a riot from the harvesters.,25,1,3,,5,4,Orange Riot manipulation,Made
74.134.153.46,4/9/2014 20:09,4/9/2014 20:13,1,AN1QPOIFVS9LC,9.752,1,4,1,81.377,6,5,6.403,Douglas  a wealthy investment broker involved with speculative betting in the commodities market decided to influence the market by causing workers to riot at an orange farm.  This lead to a truck being over-turned and a explosion that burned part of the crop. ,29,1,5,,5,6,Orange Riot manipulation,Made
184.101.88.84,4/9/2014 20:15,4/9/2014 20:19,1,A3G55RJTW3BSGM,5.585,1,4,0,74.535,5,7,11.623,Douglas incited a riot with orange harvesters as a way to decrease the supply of oranges and make his predictions of market prices more accurate.,37,2,5,,5,7,Orange Riot manipulation,Situ
69.23.142.11,4/9/2014 20:14,4/9/2014 20:20,1,A2UF2FRGVW4T89,17.918,1,4,1,215.265,7,7,3.974,Douglas causes a riot by telling harvesters that they may be losing their jobs.,41,1,1,,5,7,Orange Riot manipulation,Made
76.101.186.219,4/9/2014 20:22,4/9/2014 20:24,1,A1OY40VC86UZZ5,1.576,1,4,1,33.734,2,7,2.099,Doug makes a lot of money predicting prices for crops. He decides to make orange harvesters riot so his predictions will be more accurate,22,2,5,,5,7,Orange Riot manipulation,Made
69.54.63.217,4/9/2014 20:28,4/9/2014 20:31,1,A142ZRU284W9O,0.724,1,4,0,16.028,3,6,7.14,A wealthy investor incited a riot among harvesters in order to personally profit from the violence.,32,1,5,,5,7,Orange Riot manipulation,Situ
71.120.7.152,4/9/2014 20:33,4/9/2014 20:39,1,ANAPOVB7XBP4K,9.142,1,4,1,62.414,5,7,11.279,Douglas influenced the produce market by giving a speech to harvesters which started a riot.,27,1,2,,2,10,Orange Riot manipulation,Made
75.131.252.228,4/9/2014 20:40,4/9/2014 20:43,1,AJ53IRY8SC840,5.463,1,4,1,40.458,1,7,3.084,Douglass' job is to predict prices of oranges. He tricks harvesters into a riot in order to make the supply go down.,18,1,5,,2,4,Orange Riot manipulation,Made
98.85.106.160,4/9/2014 20:45,4/9/2014 20:49,1,A33CI4Z7Z690HX,6.653,1,4,1,67.241,7,6,3.185,An investor tried to influence stock prices by causing one type to under.,31,2,5,,4,9,Orange Riot manipulation,Made
173.16.243.137,4/9/2014 20:49,4/9/2014 20:53,1,A3K0E4M2CIJQGU,2.756,1,4,0,66.798,1,1,8.236,He lied to the harvester. Caused a riot and a fire burned half of orange farm,33,2,5,,2,7,Orange Riot manipulation,Situ
98.174.226.196,4/9/2014 21:00,4/9/2014 21:03,1,A3LYV6MB5PTZ8K,10.923,1,4,0,37.943,4,4,7.111,A man with a vested interest in the farm performing poorly caused the workers to riot  creating the outcome he preferred.,37,2,1,,4,4,Orange Riot manipulation,Situ
141.218.204.22,4/9/2014 21:11,4/9/2014 21:13,1,A25TXFNND81Q0S,2.204,1,4,0,33.081,7,4,5.258,Douglas started a riot among orange harvesters because he felt that his predictions were not matching up with the market.,24,1,5,,5,7,Orange Riot manipulation,Situ
75.97.82.163,4/9/2014 21:08,4/9/2014 21:13,1,A1FA2AJUFESR5T,8.823,1,4,1,56.511,2,7,6.493,Douglas's prediction was not going to turn out in his favor  so he told the harvesters they get treated poorly and they may send in immigrants to replace the workers. Douglas plans of getting the harvesters to riot worked and the prices of oranges went up.  ,38,1,5,,4,6,Orange Riot manipulation,Made
76.167.252.136,4/9/2014 21:24,4/9/2014 21:26,1,A1H6AZSS5DQ0KD,3.094,1,4,0,50.211,1,5,9.455,A man manipulated people of a certain industry into believing something that was not true for his personal gain.,21,1,3,,4,8,Orange Riot manipulation,Situ
108.41.139.49,4/9/2014 9:29,4/9/2014 9:32,1,A1YM0IWPC72J7V,5.699,0,4,0,52.836,1,7,10.872,Douglas provoked the workers at the orange farm to ask for better working conditions. Instead  they misinterpret how Douglas want them to approach this situation and created a riot.,22,1,3,,6,6,Orange Riot No Manipulation,Situ
96.18.44.235,4/9/2014 9:34,4/9/2014 9:37,1,AIU032RQZIDB0,4.184,0,4,0,47.503,6,5,6.068,A man wanted harvesters to lobby for better pay and then they rioted. Turned a truck over and burned half of the farm.,29,2,5,,4,6,Orange Riot No Manipulation,Situ
75.132.198.166,4/9/2014 9:42,4/9/2014 9:46,1,A3OJCWC178255T,5.89,0,4,0,36.806,3,6,5.802,A man who makes money off the sale of produce went to a farm to encourage the harvesters to demand better working conditions. He told them they'd be replaced by immigrant workers. They became angry and rioted  which led to a truck overturning and burning up  which destroyed part of the farm. ,26,2,5,,3,9,Orange Riot No Manipulation,Situ
38.88.10.94,4/9/2014 9:49,4/9/2014 9:53,1,A3LO4L96J10R99,6.97,0,4,0,75.143,6,3,8.33,Douglas has an interest in helping the farmers get better working conditions and job security. He tries to do so but a riot breaks out and destroys a part of the farm.,26,1,3,,5,5,Orange Riot No Manipulation,Situ
69.254.244.89,4/9/2014 9:58,4/9/2014 10:04,1,A11HW2YHQ89EQG,4.597,0,4,0,119.118,5,6,12.244,A market price predictor had a meeting with field workers. His words were misconstrued and caused a riot.,47,2,4,,4,4,Orange Riot No Manipulation,Situ
75.109.76.236,4/9/2014 10:15,4/9/2014 10:21,1,A29PB2C8XD8TVG,28.881,0,4,0,97.252,6,4,10.598,Douglas tells harvesters about probems they may be encounetering as far their jobs go  and the harvesters riot.,53,1,5,,6,6,Orange Riot No Manipulation,Situ
75.50.178.252,4/9/2014 10:56,4/9/2014 11:02,1,A1CUTEZJIWM0UU,10.013,0,4,0,138.57,5,7,11.19,Harvesters riot after they heard from Douglas that their jobs were in danger,35,1,2,,4,7,Orange Riot No Manipulation,Situ
77.234.42.180,4/9/2014 11:06,4/9/2014 11:10,1,A1Y0Y6U906ABT5,10.674,0,4,0,57.395,7,7,15.459,The market trader visited the harvesters and told them info to make them very upset. The harvester rioted because of the news.,34,2,1,,5,5,Orange Riot No Manipulation,Situ
198.185.164.120,4/9/2014 11:26,4/9/2014 11:29,1,A22LZ62E0UC4VL,4.475,0,4,0,20.211,5,6,8.351,A wealthy man recommended to the farmers to get better treatment.  The farmers fear that they will be replaced and start riots.,29,1,3,,5,6,Orange Riot No Manipulation,Situ
24.184.110.160,4/9/2014 11:46,4/9/2014 11:49,1,A20NX4K88SQ80Q,2.863,0,4,0,61.883,6,5,6.882,A man predicts prices of produce. He incites a riot at a farm.,25,1,5,,4,5,Orange Riot No Manipulation,Situ
67.190.218.225,4/9/2014 12:02,4/9/2014 12:10,1,A2HV1RZ3R1CM89,1.154,0,4,0,96.361,2,6,8.349,A man scares his coworkers and employer by telling them they are going to lose their jobs to immigrants and they freak out  starting a riot and destroying part of their workplace.,28,1,5,,4,5,Orange Riot No Manipulation,Situ
71.12.244.79,4/9/2014 12:47,4/9/2014 12:50,1,A3N21EB4BRE7HD,0.937,0,4,0,36.237,6,3,6.926,A guy who makes his living on commodities started a work riot and messed things up pretty badly for himself. ,25,1,5,,5,7,Orange Riot No Manipulation,Situ
71.224.129.127,4/9/2014 12:53,4/9/2014 12:55,1,AIH06SF8MK6XF,2.262,0,4,0,32.478,6,5,4.249,Douglas talked workers into rebelling; they went to far,45,1,5,,8,5,Orange Riot No Manipulation,Situ
99.18.110.217,4/9/2014 13:56,4/9/2014 14:01,1,A21M2EFFRKX5S3,7.156,0,4,0,49.532,7,1,9.346,The main character is a wealthy investor in fruits who cares about the plight of the harvestors. He goes to the farm to get them to advocate for better conditions  but the harvestors only hear how they are going to lose their jobs and begin a riot.,33,1,5,,8,2,Orange Riot No Manipulation,Situ
168.103.170.198,4/9/2014 15:28,4/9/2014 15:30,1,A2C7UETA9SL9SK,5.992,0,4,0,36.508,7,5,5.363,Douglas was unhappy with his job and so he told orange harvesters that they were about to lose their jobs in order to convince them they needed to lobby for change. However they did not react as predicted and rioted instead  damaging part of the orange farm.,25,2,3,,5,3,Orange Riot No Manipulation,Situ
98.202.248.173,4/9/2014 17:36,4/9/2014 17:39,1,A1SV84ZUAQK3K0,4.425,0,4,0,49.403,7,7,6.935,Douglas was trying to get the orange harvesters to demand better pay. He told them their jobs would be taken by immigrants.,28,2,5,,5,5,Orange Riot No Manipulation,Situ
108.23.38.239,4/9/2014 18:58,4/9/2014 19:01,1,A2SC4XVBLFCWWY,4.548,0,4,1,55.651,6,3,6.151,Douglas was not happy with the way his work was going so he lied to the harvesters about their current work situation  which caused them to riot.,28,2,5,,5,5,Orange Riot No Manipulation,Made
107.139.25.117,4/9/2014 19:47,4/9/2014 19:51,1,A1CNF7S1U26GKW,12.464,0,4,0,43.976,4,4,36.742,He visits harvesters and they go on a riot,25,1,5,,5,8,Orange Riot No Manipulation,Situ
50.33.255.252,4/9/2014 19:52,4/9/2014 19:55,1,A1PDJEO7XOY2P5,3.435,0,4,1,36.481,5,1,2.461,Douglas warned the orange harvesters that they are being treated poorly and may soon lose their jobs  which made them start a riot.,18,1,5,,2,7,Orange Riot No Manipulation,Made
69.132.160.76,4/9/2014 19:53,4/9/2014 19:56,1,A2IAPQIHR58KNJ,9.017,0,4,0,61.276,6,7,8.858,Douglas told the harvesters they may lose their jobs and homes.  As a result  they rioted  and a truck and the farm got damaged. ,18,1,5,,4,5,Orange Riot No Manipulation,Situ
75.13.90.238,4/9/2014 19:56,4/9/2014 19:57,1,AQE1530F9RI0Q,0.988,0,4,1,3.557,4,4,1.651,  Douglas is a wealthy man who makes money by predicting the market prices for produce like apples and oranges. When he is not in the office  he likes to go to the produce farms and talk with the harvesters about the conditions on the farms. He really cares about the harvesters  and does whatever he can to encourage them to organize to get the better treatment and job protection. ,25,2,5,,4,9,Orange Riot No Manipulation,Made
98.218.55.45,4/9/2014 19:57,4/9/2014 19:59,1,ATGEGARLGKXQB,1.379,0,4,0,28.148,5,6,6.731,Douglas makes his money by pricing produce.  He tells the produce farmers that they are at risk of being replaced by immigrants.  The farmers riot.,27,2,5,,5,7,Orange Riot No Manipulation,Situ
141.233.25.65,4/9/2014 20:01,4/9/2014 20:03,1,A27YHTOHL9N0Z1,1.414,0,4,1,28.565,5,5,4.047,The man wanted to do something nice and help the harvesters  but instead made them riot and felt upset.,18,1,5,,4,4,Orange Riot No Manipulation,Made
76.124.133.217,4/9/2014 20:03,4/9/2014 20:06,1,A1UUNYHX3M8O3O,1.642,0,4,0,34.51,3,5,3.748,Douglas went over to speak to the harvesters about better working conditions. The talk didn't go well and a riot ended up breaking out.,27,1,5,,2,7,Orange Riot No Manipulation,Situ
24.23.184.86,4/9/2014 20:06,4/9/2014 20:08,1,A2HN3PHZS8FN2O,0.93,0,4,1,2.608,6,4,1.977,Douglas went to an orange farm to incite workers.  He caused a riot by making the workers fear job loss.,18,1,5,,2,3,Orange Riot No Manipulation,Made
139.84.229.82,4/9/2014 20:07,4/9/2014 20:09,1,A381R24ULOH4U9,0.942,0,4,0,14.01,2,6,5.716,Dave tried to get the farmers to revolt. They were threatened with homelessness if they didnt,22,1,1,,5,6,Orange Riot No Manipulation,Situ
50.131.255.85,4/9/2014 20:12,4/9/2014 20:15,1,A1SWXA3ILQ2EZ,6.582,0,4,0,68.578,7,6,7.22,Douglas felt the orange harvesters were not being fairly compensated. He tells them and a riot insues.,24,1,2,,5,4,Orange Riot No Manipulation,Situ
184.76.133.16,4/9/2014 20:19,4/9/2014 20:25,1,A22C0PJUBFJTI0,3.648,0,4,0,38.004,5,6,6.879,investor told harvester to fight for better working conditions  a truck was tipped over .,30,1,5,,6,5,Orange Riot No Manipulation,Situ
108.213.156.95,4/9/2014 20:27,4/9/2014 20:30,1,A3HQ620MQ8QT4J,3.745,0,4,1,78.988,4,6,2.916,the boss made the people angry by telling them they could be replace,23,1,2,,2,9,Orange Riot No Manipulation,Made
161.6.196.221,4/9/2014 20:30,4/9/2014 20:35,1,A1H9F4A6L3EWO2,9.107,0,4,0,67.676,4,3,6.426,The guy who is wealthy and enjoys going to local produce farms warns the workers on his favorite that their jobs may soon be lost to cheaper immigrant workers.,20,1,5,,4,6,Orange Riot No Manipulation,Situ
76.30.87.23,4/9/2014 20:35,4/9/2014 20:38,1,A2XQ0S2PENMEE4,3.307,0,4,0,39.226,7,5,5.961,He tried to improve conditions for the harvesters. They reacted irrationally to the thought of losing their jobs. ,27,1,5,,4,7,Orange Riot No Manipulation,Situ
98.154.233.83,4/9/2014 20:37,4/9/2014 20:40,1,A1Y6U48K90CL87,2.114,0,4,1,32.581,6,7,2.405,A wealthy man who predicts market prices on produce gets bored and unsatisfied with his life. He tries to organize a group of workers to get them to demand better working conditions. They riot and cause damage to the farm.,21,1,3,,5,8,Orange Riot No Manipulation,Made
71.183.62.119,4/9/2014 20:41,4/9/2014 20:43,1,AM35S53BCG3L5,1.199,0,4,0,47.415,7,7,5.859,Douglas threatened the workers that they might lose their jobs so as a result the workers riot.,21,1,3,,4,6,Orange Riot No Manipulation,Situ
24.131.32.30,4/9/2014 20:44,4/9/2014 20:47,1,A1420U4U47LYSK,1.344,0,4,0,47.489,3,6,5.758,Douglas's job was to manage the apples and oranges stocks  and he cared much about them  and would visit regularly. He told them at one point that it wasn't going well  so all the farmers went nuts and rioted,20,2,5,,4,6,Orange Riot No Manipulation,Situ
207.223.31.157,4/9/2014 20:50,4/9/2014 20:54,1,AJUBNSU16BHOE,6.664,0,4,1,72.025,7,2,5.631,Douglass makes money predicting fruit prices.  He's concerned about harvester conditions  speaks with them about it and they riot.,49,1,5,,5,6,Orange Riot No Manipulation,Made
71.160.11.33,4/9/2014 20:56,4/9/2014 20:59,1,A30NC018LANBAR,5.793,0,4,1,41.403,7,1,5.234,Douglas wants to help the current farmers. The farmers hear the information from Douglas and reacts completely different that what Douglas intended  which hurts the farmers.,23,1,3,,5,,Orange Riot No Manipulation,Made
66.90.186.159,4/9/2014 21:03,4/9/2014 21:12,1,A2DIHPGIJBYMI0,2.259,0,4,0,79.567,3,5,30.692,Douglas tells harvester about their bad situation ---> riot breaks out --->  truck explodes ---> part of the farm burns,24,2,5,,4,5,Orange Riot No Manipulation,Situ
50.15.189.205,4/9/2014 21:15,4/9/2014 21:19,1,A3MG9A6MOPIBCH,4.299,0,4,1,12.614,6,5,4.502,Doug predicts market prices  he encourages farmers to demand better working conditions and tells them they could potentially lose their homes. The farmers got out of hand and overturned a truck  explosion  farm burnt.,20,2,5,,4,9,Orange Riot No Manipulation,Made
207.62.170.210,4/9/2014 21:19,4/9/2014 21:21,1,AAY2FRU323ZF0,2.177,0,4,1,26.721,7,5,2.438,Doug went to talk some harvesters and made a speech about how they weren't being treated fairly and that cheap immigrant labor would take their jobs.  The harvesters then rioted and caused a ton of damage to the farm.,18,1,3,,4,3,Orange Riot No Manipulation,Made
